cdate,closep,pctlead,prediction,effectiveness
2010-01-04,1132.9900,0.3120,-0.0001,-0.3120
2010-01-05,1136.5200,0.0550,-0.0964,-0.0550
2010-01-06,1137.1400,0.4000,0.0283,0.4000
2010-01-07,1141.6899,0.2880,0.0090,0.2880
2010-01-08,1144.9800,0.1750,-0.0085,-0.1750
2010-01-11,1146.9800,-0.9380,0.0091,-0.9380
2010-01-12,1136.2200,0.8330,0.0816,0.8330
2010-01-13,1145.6801,0.2430,0.0433,0.2430
2010-01-14,1148.4600,-1.0820,-0.0437,1.0820
2010-01-15,1136.0300,1.2500,0.0922,1.2500
2010-01-19,1150.2300,-1.0600,0.0282,-1.0600
2010-01-20,1138.0400,-1.8940,0.0081,-1.8940
2010-01-21,1116.4800,-2.2140,0.2241,-2.2140
2010-01-22,1091.7600,0.4600,0.2685,0.4600
2010-01-25,1096.7800,-0.4200,0.1217,-0.4200
2010-01-26,1092.1700,0.4880,0.0052,0.4880
2010-01-27,1097.5000,-1.1820,0.0348,-1.1820
2010-01-28,1084.5300,-0.9830,0.0693,-0.9830
2010-01-29,1073.8700,1.4270,0.1693,1.4270
2010-02-01,1089.1899,1.2970,-0.0044,-1.2970
2010-02-02,1103.3199,-0.5470,-0.1452,0.5470
2010-02-03,1097.2800,-3.1140,0.0021,-3.1140
2010-02-04,1063.1100,0.2900,0.2662,0.2900
2010-02-05,1066.1899,-0.8860,0.2022,-0.8860
2010-02-08,1056.7400,1.3040,0.0338,1.3040
2010-02-09,1070.5200,-0.2230,0.0133,-0.2230
2010-02-10,1068.1300,0.9680,-0.0439,-0.9680
2010-02-11,1078.4700,-0.2740,0.0034,-0.2740
2010-02-12,1075.5100,1.8000,-0.0127,-1.8000
2010-02-16,1094.8700,0.4240,-0.0468,-0.4240
2010-02-17,1099.5100,0.6580,-0.1071,-0.6580
2010-02-18,1106.7500,0.2190,-0.0126,-0.2190
2010-02-19,1109.1700,-0.1050,-0.0162,0.1050
2010-02-22,1108.0100,-1.2100,0.0330,-1.2100
2010-02-23,1094.6000,0.9720,0.1142,0.9720
2010-02-24,1105.2400,-0.2080,0.0488,-0.2080
2010-02-25,1102.9399,0.1410,-0.0280,-0.1410
2010-02-26,1104.4900,1.0160,0.0481,1.0160
2010-03-01,1115.7100,0.2330,-0.0391,-0.2330
2010-03-02,1118.3101,0.0430,-0.0423,-0.0430
2010-03-03,1118.7900,0.3740,0.0273,0.3740
2010-03-04,1122.9700,1.4010,0.0104,1.4010
2010-03-05,1138.7000,-0.0180,-0.0739,0.0180
2010-03-08,1138.5000,0.1710,-0.0482,-0.1710
2010-03-09,1140.4500,0.4520,0.0393,0.4520
2010-03-10,1145.6100,0.4040,-0.0050,-0.4040
2010-03-11,1150.2400,-0.0220,-0.0174,0.0220
2010-03-12,1149.9900,0.0450,0.0143,0.0450
2010-03-15,1150.5100,0.7780,0.0360,0.7780
2010-03-16,1159.4600,0.5820,-0.0168,-0.5820
2010-03-17,1166.2100,-0.0330,-0.0497,0.0330
2010-03-18,1165.8300,-0.5090,0.0077,-0.5090
2010-03-19,1159.9000,0.5100,0.0718,0.5100
2010-03-22,1165.8101,0.7170,0.0335,0.7170
2010-03-23,1174.1700,-0.5490,-0.0475,0.5490
2010-03-24,1167.7200,-0.1700,0.0275,-0.1700
2010-03-25,1165.7300,0.0740,0.0848,0.0740
2010-03-26,1166.5900,0.5680,0.0329,0.5680
2010-03-29,1173.2200,0.0040,-0.0077,-0.0040
2010-03-30,1173.2700,-0.3270,-0.0016,0.3270
2010-03-31,1169.4301,0.7410,0.0585,0.7410
2010-04-01,1178.1000,0.7930,0.0088,0.7930
2010-04-05,1187.4399,0.1680,-0.0644,-0.1680
2010-04-06,1189.4399,-0.5880,-0.0178,0.5880
2010-04-07,1182.4500,0.3370,0.0666,0.3370
2010-04-08,1186.4399,0.6680,0.0509,0.6680
2010-04-09,1194.3700,0.1770,-0.0347,-0.1770
2010-04-12,1196.4800,0.0690,-0.0152,-0.0690
2010-04-13,1197.3000,1.1150,0.0253,1.1150
2010-04-14,1210.6500,0.0840,-0.0362,-0.0840
2010-04-15,1211.6700,-1.6130,-0.0402,1.6130
2010-04-16,1192.1300,0.4520,0.1367,0.4520
2010-04-19,1197.5200,0.8060,0.1066,0.8060
2010-04-20,1207.1700,-0.1020,-0.0617,0.1020
2010-04-21,1205.9399,0.2260,-0.0056,-0.2260
2010-04-22,1208.6700,0.7120,0.0346,0.7120
2010-04-23,1217.2800,-0.4300,-0.0250,0.4300
2010-04-26,1212.0500,-2.3380,0.0174,-2.3380
2010-04-27,1183.7100,0.6460,0.2066,0.6460
2010-04-28,1191.3600,1.2940,0.1346,1.2940
2010-04-29,1206.7800,-1.6650,-0.1116,1.6650
2010-04-30,1186.6899,1.3120,0.0614,1.3120
2010-05-03,1202.2600,-2.3840,0.0726,-2.3840
2010-05-04,1173.6000,-0.6590,0.0784,-0.6590
2010-05-05,1165.8700,-3.2350,0.2326,-3.2350
2010-05-06,1128.1500,-1.5310,0.2406,-1.5310
2010-05-07,1110.8800,4.3970,0.3141,4.3970
2010-05-10,1159.7300,-0.3400,-0.1692,0.3400
2010-05-11,1155.7900,1.3740,-0.2347,-1.3740
2010-05-12,1171.6700,-1.2150,0.0213,-1.2150
2010-05-13,1157.4399,-1.8800,0.0182,-1.8800
2010-05-14,1135.6801,0.1110,0.2339,0.1110
2010-05-17,1136.9399,-1.4200,0.1290,-1.4200
2010-05-18,1120.8000,-0.5130,0.0906,-0.5130
2010-05-19,1115.0500,-3.8980,0.1519,-3.8980
2010-05-20,1071.5900,1.5020,0.2818,1.5020
2010-05-21,1087.6899,-1.2910,0.1812,-1.2910
2010-05-24,1073.6500,0.0350,-0.0247,-0.0350
2010-05-25,1074.0300,-0.5660,0.1269,-0.5660
2010-05-26,1067.9500,3.2880,0.0503,3.2880
2010-05-27,1103.0601,-1.2370,-0.1277,1.2370
2010-05-28,1089.4100,-1.7170,-0.0996,1.7170
2010-06-01,1070.7100,2.5840,0.2463,2.5840
2010-06-02,1098.3800,0.4050,-0.0273,-0.4050
2010-06-03,1102.8300,-3.4410,-0.1711,3.4410
2010-06-04,1064.8800,-1.3530,0.2429,-1.3530
2010-06-07,1050.4700,1.0980,0.3276,1.0980
2010-06-08,1062.0000,-0.5940,0.0132,-0.5940
2010-06-09,1055.6899,2.9510,-0.0139,-2.9510
2010-06-10,1086.8400,0.4380,-0.0937,-0.4380
2010-06-11,1091.6000,-0.1800,-0.1830,0.1800
2010-06-14,1089.6300,2.3490,0.0497,2.3490
2010-06-15,1115.2300,-0.0560,-0.0916,0.0560
2010-06-16,1114.6100,0.1280,-0.1106,-0.1280
2010-06-17,1116.0400,0.1320,0.0548,0.1320
2010-06-18,1117.5100,-0.3860,0.0164,-0.3860
2010-06-21,1113.2000,-1.6070,0.0493,-1.6070
2010-06-22,1095.3101,-0.2990,0.1540,-0.2990
2010-06-23,1092.0400,-1.6800,0.1454,-1.6800
2010-06-24,1073.6899,0.2860,0.1341,0.2860
2010-06-25,1076.7600,-0.2030,0.1164,-0.2030
2010-06-28,1074.5699,-3.1020,0.0087,-3.1020
2010-06-29,1041.2400,-1.0110,0.2340,-1.0110
2010-06-30,1030.7100,-0.3240,0.2806,-0.3240
2010-07-01,1027.3700,-0.4660,0.0804,-0.4660
2010-07-02,1022.5800,0.5360,0.0695,0.5360
2010-07-06,1028.0601,3.1330,0.0261,3.1330
2010-07-07,1060.2700,0.9410,-0.1944,-0.9410
2010-07-08,1070.2500,0.7200,-0.2123,-0.7200
2010-07-09,1077.9600,0.0730,-0.0333,-0.0730
2010-07-12,1078.7500,1.5380,-0.0054,-1.5380
2010-07-13,1095.3400,-0.0160,-0.0557,0.0160
2010-07-14,1095.1700,0.1200,-0.0602,-0.1200
2010-07-15,1096.4800,-2.8820,0.0438,-2.8820
2010-07-16,1064.8800,0.5980,0.1983,0.5980
2010-07-19,1071.2500,1.1420,0.1771,1.1420
2010-07-20,1083.4800,-1.2820,-0.1055,1.2820
2010-07-21,1069.5900,2.2510,0.0469,2.2510
2010-07-22,1093.6700,0.8220,-0.0084,-0.8220
2010-07-23,1102.6600,1.1200,-0.1711,-1.1200
2010-07-26,1115.0100,-0.1050,-0.0599,0.1050
2010-07-27,1113.8400,-0.6920,-0.0206,0.6920
2010-07-28,1106.1300,-0.4160,0.0932,-0.4160
2010-07-29,1101.5300,0.0060,0.0992,0.0060
2010-07-30,1101.6000,2.2020,0.0505,2.2020
2010-08-02,1125.8600,-0.4800,-0.1042,0.4800
2010-08-03,1120.4600,0.6050,-0.0734,-0.6050
2010-08-04,1127.2400,-0.1270,0.0509,-0.1270
2010-08-05,1125.8101,-0.3700,-0.0021,0.3700
2010-08-06,1121.6400,0.5480,0.0696,0.5480
2010-08-09,1127.7900,-0.5970,0.0216,-0.5970
2010-08-10,1121.0601,-2.8180,0.0309,-2.8180
2010-08-11,1089.4700,-0.5380,0.2434,-0.5380
2010-08-12,1083.6100,-0.4020,0.2315,-0.4020
2010-08-13,1079.2500,0.0120,0.0589,0.0120
2010-08-16,1079.3800,1.2190,0.0510,1.2190
2010-08-17,1092.5400,0.1480,-0.0455,-0.1480
2010-08-18,1094.1600,-1.6940,-0.0512,1.6940
2010-08-19,1075.6300,-0.3660,0.1388,-0.3660
2010-08-20,1071.6899,-0.4040,0.1605,-0.4040
2010-08-23,1067.3600,-1.4510,0.0609,-1.4510
2010-08-24,1051.8700,0.3290,0.1404,0.3290
2010-08-25,1055.3300,-0.7680,0.0985,-0.7680
2010-08-26,1047.2200,1.6590,0.0427,1.6590
2010-08-27,1064.5900,-1.4720,-0.0147,1.4720
2010-08-30,1048.9200,0.0390,0.0118,0.0390
2010-08-31,1049.3300,2.9500,0.1396,2.9500
2010-09-01,1080.2900,0.9080,-0.1633,-0.9080
2010-09-02,1090.1000,1.3220,-0.2047,-1.3220
2010-09-03,1104.5100,-1.1470,-0.0695,1.1470
2010-09-07,1091.8400,0.6440,0.0312,0.6440
2010-09-08,1098.8700,0.4830,0.0801,0.4830
2010-09-09,1104.1801,0.4860,-0.0489,-0.4860
2010-09-10,1109.5500,1.1130,-0.0190,-1.1130
2010-09-13,1121.9000,-0.0710,-0.0587,0.0710
2010-09-14,1121.1000,0.3540,-0.0260,-0.3540
2010-09-15,1125.0699,-0.0360,0.0285,-0.0360
2010-09-16,1124.6600,0.0830,0.0124,0.0830
2010-09-17,1125.5900,1.5210,0.0341,1.5210
2010-09-20,1142.7100,-0.2560,-0.0639,0.2560
2010-09-21,1139.7800,-0.4830,-0.0444,0.4830
2010-09-22,1134.2800,-0.8330,0.0944,-0.8330
2010-09-23,1124.8300,2.1190,0.1095,2.1190
2010-09-24,1148.6700,-0.5670,-0.0471,0.5670
2010-09-27,1142.1600,0.4850,-0.0725,-0.4850
2010-09-28,1147.7000,-0.2590,0.0625,-0.2590
2010-09-29,1144.7300,-0.3080,0.0122,-0.3080
2010-09-30,1141.2000,0.4420,0.0726,0.4420
2010-10-01,1146.2400,-0.8030,0.0226,-0.8030
2010-10-04,1137.0300,2.0860,0.0506,2.0860
2010-10-05,1160.7500,-0.0670,-0.0366,0.0670
2010-10-06,1159.9700,-0.1650,-0.1008,0.1650
2010-10-07,1158.0601,0.6120,0.0701,0.6120
2010-10-08,1165.1500,0.0150,0.0057,0.0150
2010-10-11,1165.3199,0.3820,-0.0076,-0.3820
2010-10-12,1169.7700,0.7120,0.0159,0.7120
2010-10-13,1178.1000,-0.3640,-0.0333,0.3640
2010-10-14,1173.8101,0.2030,0.0152,0.2030
2010-10-15,1176.1899,0.7240,0.0511,0.7240
2010-10-18,1184.7100,-1.5880,-0.0272,1.5880
2010-10-19,1165.9000,1.0520,0.0863,1.0520
2010-10-20,1178.1700,0.1770,0.0768,0.1770
2010-10-21,1180.2600,0.2390,-0.0607,-0.2390
2010-10-22,1183.0800,0.2150,0.0194,0.2150
2010-10-25,1185.6200,0.0020,0.0072,0.0020
2010-10-26,1185.6400,-0.2690,0.0222,-0.2690
2010-10-27,1182.4500,0.1120,0.0513,0.1120
2010-10-28,1183.7800,-0.0440,0.0428,-0.0440
2010-10-29,1183.2600,0.0950,0.0256,0.0950
2010-11-01,1184.3800,0.7760,0.0312,0.7760
2010-11-02,1193.5699,0.3680,-0.0200,-0.3680
2010-11-03,1197.9600,1.9280,-0.0361,-1.9280
2010-11-04,1221.0601,0.3920,-0.0970,-0.3920
2010-11-05,1225.8500,-0.2120,-0.1058,0.2120
2010-11-08,1223.2500,-0.8050,0.0430,-0.8050
2010-11-09,1213.4000,0.4380,0.0984,0.4380
2010-11-10,1218.7100,-0.4240,0.0542,-0.4240
2010-11-11,1213.5400,-1.1810,0.0225,-1.1810
2010-11-12,1199.2100,-0.1220,0.1343,-0.1220
2010-11-15,1197.7500,-1.6210,0.1082,-1.6210
2010-11-16,1178.3400,0.0210,0.1245,0.0210
2010-11-17,1178.5900,1.5360,0.1302,1.5360
2010-11-18,1196.6899,0.2540,-0.0788,-0.2540
2010-11-19,1199.7300,-0.1580,-0.0770,0.1580
2010-11-22,1197.8400,-1.4280,0.0438,-1.4280
2010-11-23,1180.7300,1.4920,0.1309,1.4920
2010-11-24,1198.3500,-0.7470,0.0311,-0.7470
2010-11-26,1189.4000,-0.1380,-0.0297,0.1380
2010-11-29,1187.7600,-0.6070,0.1036,-0.6070
2010-11-30,1180.5500,2.1620,0.0695,2.1620
2010-12-01,1206.0699,1.2820,-0.0600,-1.2820
2010-12-02,1221.5300,0.2600,-0.1859,-0.2600
2010-12-03,1224.7100,-0.1300,-0.0375,0.1300
2010-12-06,1223.1200,0.0520,0.0389,0.0520
2010-12-07,1223.7500,0.3700,0.0407,0.3700
2010-12-08,1228.2800,0.3840,0.0061,0.3840
2010-12-09,1233.0000,0.6000,-0.0125,-0.6000
2010-12-10,1240.4000,0.0050,-0.0228,-0.0050
2010-12-13,1240.4600,0.0910,-0.0001,-0.0910
2010-12-14,1241.5900,-0.5120,0.0338,-0.5120
2010-12-15,1235.2300,0.6190,0.0580,0.6190
2010-12-16,1242.8700,0.0840,0.0286,0.0840
2010-12-17,1243.9100,0.2550,-0.0160,-0.2550
2010-12-20,1247.0800,0.6030,0.0194,0.6030
2010-12-21,1254.6000,0.3380,-0.0181,-0.3380
2010-12-22,1258.8400,-0.1640,-0.0218,0.1640
2010-12-23,1256.7700,0.0610,0.0287,0.0610
2010-12-27,1257.5400,0.0770,0.0431,0.0770
2010-12-28,1258.5100,0.1010,0.0226,0.1010
2010-12-29,1259.7800,-0.1510,0.0228,-0.1510
2010-12-30,1257.8800,-0.0190,0.0366,-0.0190
2010-12-31,1257.6400,1.1310,0.0445,1.1310
2011-01-03,1271.8700,-0.1310,-0.0377,0.1310
2011-01-04,1270.2000,0.5010,-0.0217,-0.5010
2011-01-05,1276.5601,-0.2120,0.0278,-0.2120
2011-01-06,1273.8500,-0.1840,0.0199,-0.1840
2011-01-07,1271.5000,-0.1380,0.0692,-0.1380
2011-01-10,1269.7500,0.3730,0.0549,0.3730
2011-01-11,1274.4800,0.9010,0.0189,0.9010
2011-01-12,1285.9600,-0.1710,-0.0460,0.1710
2011-01-13,1283.7600,0.7380,0.0001,0.7380
2011-01-14,1293.2400,0.1380,0.0115,0.1380
2011-01-18,1295.0200,-1.0120,-0.0180,1.0120
2011-01-19,1281.9200,-0.1290,0.1059,-0.1290
2011-01-20,1280.2600,0.2410,0.1085,0.2410
2011-01-21,1283.3500,0.5840,0.0160,0.5840
2011-01-24,1290.8400,0.0260,-0.0170,-0.0260
2011-01-25,1291.1801,0.4220,0.0042,0.4220
2011-01-26,1296.6300,0.2240,0.0162,0.2240
2011-01-27,1299.5400,-1.7850,-0.0021,1.7850
2011-01-28,1276.3400,0.7660,0.1475,0.7660
2011-01-31,1286.1200,1.6690,0.0980,1.6690
2011-02-01,1307.5900,-0.2720,-0.1434,0.2720
2011-02-02,1304.0300,0.2350,-0.0337,-0.2350
2011-02-03,1307.1000,0.2880,0.0609,0.2880
2011-02-04,1310.8700,0.6240,0.0009,0.6240
2011-02-07,1319.0500,0.4180,-0.0176,-0.4180
2011-02-08,1324.5699,-0.2790,-0.0235,0.2790
2011-02-09,1320.8800,0.0750,0.0394,0.0750
2011-02-10,1321.8700,0.5510,0.0550,0.5510
2011-02-11,1329.1500,0.2380,-0.0069,-0.2380
2011-02-14,1332.3199,-0.3230,-0.0101,0.3230
2011-02-15,1328.0100,0.6260,0.0521,0.6260
2011-02-16,1336.3199,0.3080,0.0192,0.3080
2011-02-17,1340.4301,0.1920,-0.0246,-0.1920
2011-02-18,1343.0100,-2.0530,0.0150,-2.0530
2011-02-22,1315.4399,-0.6110,0.1655,-0.6110
2011-02-23,1307.4000,-0.0990,0.2026,-0.0990
2011-02-24,1306.1000,1.0550,0.0534,1.0550
2011-02-25,1319.8800,0.5560,-0.0340,-0.5560
2011-02-28,1327.2200,-1.5740,-0.0638,1.5740
2011-03-01,1306.3300,0.1620,0.1224,0.1620
2011-03-02,1308.4399,1.7220,0.1288,1.7220
2011-03-03,1330.9700,-0.7380,-0.1070,0.7380
2011-03-04,1321.1500,-0.8340,-0.0140,0.8340
2011-03-07,1310.1300,0.8920,0.1591,0.8920
2011-03-08,1321.8199,-0.1360,0.0194,-0.1360
2011-03-09,1320.0200,-1.8870,-0.0180,1.8870
2011-03-10,1295.1100,0.7080,0.1815,0.7080
2011-03-11,1304.2800,-0.6050,0.1031,-0.6050
2011-03-14,1296.3900,-1.1200,0.0100,-1.1200
2011-03-15,1281.8700,-1.9490,0.1565,-1.9490
2011-03-16,1256.8800,1.3400,0.2238,1.3400
2011-03-17,1273.7200,0.4310,0.0529,0.4310
2011-03-18,1279.2100,1.4990,-0.0979,-1.4990
2011-03-21,1298.3800,-0.3550,-0.0688,0.3550
2011-03-22,1293.7700,0.2910,-0.0226,-0.2910
2011-03-23,1297.5400,0.9340,0.0599,0.9340
2011-03-24,1309.6600,0.3160,-0.0462,-0.3160
2011-03-25,1313.8000,-0.2750,-0.0353,0.2750
2011-03-28,1310.1899,0.7060,0.0494,0.7060
2011-03-29,1319.4399,0.6680,0.0120,0.6680
2011-03-30,1328.2600,-0.1830,-0.0526,0.1830
2011-03-31,1325.8300,0.4960,0.0192,0.4960
2011-04-01,1332.4100,0.0350,0.0250,0.0350
2011-04-04,1332.8700,-0.0180,0.0032,-0.0180
2011-04-05,1332.6300,0.2180,0.0434,0.2180
2011-04-06,1335.5400,-0.1520,0.0248,-0.1520
2011-04-07,1333.5100,-0.4000,0.0343,-0.4000
2011-04-08,1328.1700,-0.2790,0.0760,-0.2790
2011-04-11,1324.4600,-0.7780,0.0779,-0.7780
2011-04-12,1314.1600,0.0190,0.1001,0.0190
2011-04-13,1314.4100,0.0080,0.0793,0.0080
2011-04-14,1314.5200,0.3930,0.0255,0.3930
2011-04-15,1319.6801,-1.1020,0.0116,-1.1020
2011-04-18,1305.1400,0.5730,0.0870,0.5730
2011-04-19,1312.6200,1.3510,0.0715,1.3510
2011-04-20,1330.3600,0.5280,-0.1011,-0.5280
2011-04-21,1337.3800,-0.1590,-0.0706,0.1590
2011-04-25,1335.2500,0.8980,0.0348,0.8980
2011-04-26,1347.2400,0.6250,-0.0047,-0.6250
2011-04-27,1355.6600,0.3560,-0.0598,-0.3560
2011-04-28,1360.4800,0.2300,-0.0111,-0.2300
2011-04-29,1363.6100,-0.1750,0.0096,-0.1750
2011-05-02,1361.2200,-0.3380,0.0402,-0.3380
2011-05-03,1356.6200,-0.6860,0.0734,-0.6860
2011-05-04,1347.3199,-0.9070,0.1005,-0.9070
2011-05-05,1335.1000,0.3820,0.1335,0.3820
2011-05-06,1340.2000,0.4540,0.0579,0.4540
2011-05-09,1346.2900,0.8070,-0.0275,-0.8070
2011-05-10,1357.1600,-1.1110,-0.0377,1.1110
2011-05-11,1342.0800,0.4900,0.0690,0.4900
2011-05-12,1348.6500,-0.8070,0.0831,-0.8070
2011-05-13,1337.7700,-0.6200,0.0468,-0.6200
2011-05-16,1329.4700,-0.0370,0.1330,-0.0370
2011-05-17,1328.9800,0.8800,0.0665,0.8800
2011-05-18,1340.6801,0.2180,-0.0264,-0.2180
2011-05-19,1343.6000,-0.7690,-0.0300,0.7690
2011-05-20,1333.2700,-1.1930,0.0870,-1.1930
2011-05-23,1317.3700,-0.0830,0.1645,-0.0830
2011-05-24,1316.2800,0.3180,0.1043,0.3180
2011-05-25,1320.4700,0.3950,0.0056,0.3950
2011-05-26,1325.6899,0.4080,-0.0086,-0.4080
2011-05-27,1331.1000,1.0590,-0.0087,-1.0590
2011-05-31,1345.2000,-2.2780,-0.0514,2.2780
2011-06-01,1314.5500,-0.1220,0.1310,-0.1220
2011-06-02,1312.9399,-0.9730,0.1959,-0.9730
2011-06-03,1300.1600,-1.0760,0.0787,-1.0760
2011-06-06,1286.1700,-0.0960,0.1645,-0.0960
2011-06-07,1284.9399,-0.4190,0.0954,-0.4190
2011-06-08,1279.5601,0.7380,0.0565,0.7380
2011-06-09,1289.0000,-1.3980,0.0131,-1.3980
2011-06-10,1270.9800,0.0670,0.0805,0.0670
2011-06-13,1271.8300,1.2610,0.1268,1.2610
2011-06-14,1287.8700,-1.7430,-0.0684,1.7430
2011-06-15,1265.4200,0.1750,0.0790,0.1750
2011-06-16,1267.6400,0.3050,0.1473,0.3050
2011-06-17,1271.5000,0.5400,-0.0164,-0.5400
2011-06-20,1278.3600,1.3420,-0.0138,-1.3420
2011-06-21,1295.5200,-0.6470,-0.0793,0.6470
2011-06-22,1287.1400,-0.2830,0.0076,-0.2830
2011-06-23,1283.5000,-1.1730,0.1127,-1.1730
2011-06-24,1268.4500,0.9180,0.1230,0.9180
2011-06-27,1280.1000,1.2940,0.0443,1.2940
2011-06-28,1296.6700,0.8280,-0.1193,-0.8280
2011-06-29,1307.4100,1.0120,-0.0824,-1.0120
2011-06-30,1320.6400,1.4410,-0.0614,-1.4410
2011-07-01,1339.6700,-0.1340,-0.1073,0.1340
2011-07-05,1337.8800,0.1000,-0.0260,-0.1000
2011-07-06,1339.2200,1.0450,0.0584,1.0450
2011-07-07,1353.2200,-0.6960,-0.0390,0.6960
2011-07-08,1343.8000,-1.8090,0.0226,-1.8090
2011-07-11,1319.4900,-0.4430,0.2113,-0.4430
2011-07-12,1313.6400,0.3110,0.1656,0.3110
2011-07-13,1317.7200,-0.6720,0.0196,-0.6720
2011-07-14,1308.8700,0.5550,0.0574,0.5550
2011-07-15,1316.1400,-0.8130,0.0457,-0.8130
2011-07-18,1305.4399,1.6310,0.0492,1.6310
2011-07-19,1326.7300,-0.0670,-0.0127,0.0670
2011-07-20,1325.8400,1.3550,-0.0666,-1.3550
2011-07-21,1343.8000,0.0910,-0.0253,-0.0910
2011-07-22,1345.0200,-0.5640,-0.0504,0.5640
2011-07-25,1337.4301,-0.4100,0.0874,-0.4100
2011-07-26,1331.9399,-2.0310,0.0995,-2.0310
2011-07-27,1304.8900,-0.3230,0.1880,-0.3230
2011-07-28,1300.6700,-0.6450,0.1748,-0.6450
2011-07-29,1292.2800,-0.4130,0.0724,-0.4130
2011-08-01,1286.9399,-2.5560,0.0990,-2.5560
2011-08-02,1254.0500,0.5020,0.2215,0.5020
2011-08-03,1260.3400,-4.7820,0.1531,-4.7820
2011-08-04,1200.0699,-0.0570,0.2909,-0.0570
2011-08-05,1199.3800,-6.6630,0.3341,-6.6630
2011-08-08,1119.4600,4.7410,0.4195,4.7410
2011-08-09,1172.5300,-4.4150,0.1430,-4.4150
2011-08-10,1120.7600,4.6290,-0.0327,-4.6290
2011-08-11,1172.6400,0.5260,0.0734,0.5260
2011-08-12,1178.8101,2.1780,-0.3380,-2.1780
2011-08-15,1204.4900,-0.9740,-0.0741,0.9740
2011-08-16,1192.7600,0.0950,-0.0203,-0.0950
2011-08-17,1193.8900,-4.4590,0.1188,-4.4590
2011-08-18,1140.6500,-1.5010,0.3131,-1.5010
2011-08-19,1123.5300,0.0260,0.4007,0.0260
2011-08-22,1123.8199,3.4280,0.0669,3.4280
2011-08-23,1162.3500,1.3120,-0.2104,-1.3120
2011-08-24,1177.6000,-1.5570,-0.2564,1.5570
2011-08-25,1159.2700,1.5120,0.1086,1.5120
2011-08-26,1176.8000,2.8280,0.0504,2.8280
2011-08-29,1210.0800,0.2350,-0.2633,-0.2350
2011-08-30,1212.9200,0.4920,-0.1267,-0.4920
2011-08-31,1218.8900,-1.1870,0.0293,-1.1870
2011-09-01,1204.4200,-2.5280,0.0897,-2.5280
2011-09-02,1173.9700,-0.7440,0.2796,-0.7440
2011-09-06,1165.2400,2.8650,0.2215,2.8650
2011-09-07,1198.6200,-1.0610,-0.1396,1.0610
2011-09-08,1185.9000,-2.6710,-0.0724,2.6710
2011-09-09,1154.2300,0.6970,0.3122,0.6970
2011-09-12,1162.2700,0.9120,0.1389,0.9120
2011-09-13,1172.8700,1.3480,-0.1008,-1.3480
2011-09-14,1188.6801,1.7190,-0.0969,-1.7190
2011-09-15,1209.1100,0.5710,-0.1450,-0.5710
2011-09-16,1216.0100,-0.9800,-0.0849,0.9800
2011-09-19,1204.0900,-0.1660,0.0912,-0.1660
2011-09-20,1202.0900,-2.9390,0.1148,-2.9390
2011-09-21,1166.7600,-3.1880,0.2279,-3.1880
2011-09-22,1129.5601,0.6080,0.4157,0.6080
2011-09-23,1136.4301,2.3340,0.1514,2.3340
2011-09-26,1162.9500,1.0690,-0.1972,-1.0690
2011-09-27,1175.3800,-2.0690,-0.1655,2.0690
2011-09-28,1151.0601,0.8110,0.1421,0.8110
2011-09-29,1160.4000,-2.4970,0.1233,-2.4970
2011-09-30,1131.4200,-2.8450,0.1273,-2.8450
2011-10-03,1099.2300,2.2490,0.3805,2.2490
2011-10-04,1123.9500,1.7870,0.0307,1.7870
2011-10-05,1144.0300,1.8300,-0.2567,-1.8300
2011-10-06,1164.9700,-0.8160,-0.1605,0.8160
2011-10-07,1155.4600,3.4120,0.0068,3.4120
2011-10-10,1194.8900,0.0540,-0.1111,-0.0540
2011-10-11,1195.5400,0.9790,-0.1818,-0.9790
2011-10-12,1207.2500,-0.2970,0.0161,-0.2970
2011-10-13,1203.6600,1.7380,-0.0005,-1.7380
2011-10-14,1224.5800,-1.9370,-0.0453,1.9370
2011-10-17,1200.8600,2.0420,0.0590,2.0420
2011-10-18,1225.3800,-1.2650,0.0450,-1.2650
2011-10-19,1209.8800,0.4550,-0.0261,-0.4550
2011-10-20,1215.3900,1.8810,0.1110,1.8810
2011-10-21,1238.2500,1.2870,-0.1313,-1.2870
2011-10-24,1254.1899,-2.0040,-0.1549,2.0040
2011-10-25,1229.0500,1.0540,0.1190,1.0540
2011-10-26,1242.0000,3.4290,0.1067,3.4290
2011-10-27,1284.5900,0.0390,-0.2813,-0.0390
2011-10-28,1285.0900,-2.4740,-0.1558,2.4740
2011-10-31,1253.3000,-2.7940,0.2430,-2.7940
2011-11-01,1218.2800,1.6100,0.3660,1.6100
2011-11-02,1237.9000,1.8780,0.0690,1.8780
2011-11-03,1261.1500,-0.6280,-0.2230,0.6280
2011-11-04,1253.2300,0.6300,-0.0110,-0.6300
2011-11-07,1261.1200,1.1740,0.0593,1.1740
2011-11-08,1275.9200,-3.6700,-0.0863,3.6700
2011-11-09,1229.1000,0.8620,0.2196,0.8620
2011-11-10,1239.7000,1.9480,0.2179,1.9480
2011-11-11,1263.8500,-0.9550,-0.1938,0.9550
2011-11-14,1251.7800,0.4820,-0.0034,-0.4820
2011-11-15,1257.8101,-1.6620,0.0894,-1.6620
2011-11-16,1236.9100,-1.6800,0.1059,-1.6800
2011-11-17,1216.1300,-0.0390,0.2523,-0.0390
2011-11-18,1215.6500,-1.8650,0.1189,-1.8650
2011-11-21,1192.9800,-0.4140,0.1406,-0.4140
2011-11-22,1188.0400,-2.2100,0.1756,-2.2100
2011-11-23,1161.7900,-0.2690,0.1829,-0.2690
2011-11-25,1158.6700,2.9240,0.1819,2.9240
2011-11-28,1192.5500,0.2210,-0.1686,-0.2210
2011-11-29,1195.1899,4.3320,-0.1562,-4.3320
2011-11-30,1246.9600,-0.1910,-0.2202,0.1910
2011-12-01,1244.5800,-0.0240,-0.2056,0.0240
2011-12-02,1244.2800,1.0290,0.1086,1.0290
2011-12-05,1257.0800,0.1110,-0.0312,-0.1110
2011-12-06,1258.4700,0.2020,-0.0316,-0.2020
2011-12-07,1261.0100,-2.1140,0.0316,-2.1140
2011-12-08,1234.3500,1.6880,0.1664,1.6880
2011-12-09,1255.1899,-1.4910,0.0580,-1.4910
2011-12-12,1236.4700,-0.8690,0.0078,-0.8690
2011-12-13,1225.7300,-1.1350,0.2055,-1.1350
2011-12-14,1211.8199,0.3240,0.1441,0.3240
2011-12-15,1215.7500,0.3220,0.0729,0.3220
2011-12-16,1219.6600,-1.1730,-0.0183,1.1730
2011-12-19,1205.3500,2.9830,0.1001,2.9830
2011-12-20,1241.3000,0.1950,-0.0818,-0.1950
2011-12-21,1243.7200,0.8270,-0.1704,-0.8270
2011-12-22,1254.0000,0.9040,0.0119,0.9040
2011-12-23,1265.3300,0.0080,-0.0691,-0.0080
2011-12-27,1265.4301,-1.2480,-0.0058,1.2480
2011-12-28,1249.6400,1.0710,0.1312,1.0710
2011-12-29,1263.0200,-0.4290,0.0428,-0.4290
2011-12-30,1257.6000,1.5470,-0.0148,-1.5470
2012-01-03,1277.0601,0.0190,-0.0571,-0.0190
2012-01-04,1277.3000,0.2940,-0.0492,-0.2940
2012-01-05,1281.0601,-0.2540,0.0113,-0.2540
2012-01-06,1277.8101,0.2260,0.0364,0.2260
2012-01-09,1280.7000,0.8890,0.0299,0.8890
2012-01-10,1292.0800,0.0310,-0.0441,-0.0310
2012-01-11,1292.4800,0.2340,-0.0154,-0.2340
2012-01-12,1295.5000,-0.4950,0.0148,-0.4950
2012-01-13,1289.0900,0.3550,0.0572,0.3550
2012-01-17,1293.6700,1.1110,0.0330,1.1110
2012-01-18,1308.0400,0.4940,-0.0674,-0.4940
2012-01-19,1314.5000,0.0670,-0.0612,-0.0670
2012-01-20,1315.3800,0.0470,0.0030,0.0470
2012-01-23,1316.0000,-0.1030,0.0264,-0.1030
2012-01-24,1314.6500,0.8680,0.0382,0.8680
2012-01-25,1326.0601,-0.5750,-0.0252,0.5750
2012-01-26,1318.4301,-0.1590,0.0302,-0.1590
2012-01-27,1316.3300,-0.2520,0.0752,-0.2520
2012-01-30,1313.0100,-0.0460,0.0596,-0.0460
2012-01-31,1312.4100,0.8900,0.0495,0.8900
2012-02-01,1324.0900,0.1100,-0.0299,-0.1100
2012-02-02,1325.5400,1.4610,-0.0214,-1.4610
2012-02-03,1344.9000,-0.0420,-0.0794,0.0420
2012-02-06,1344.3300,0.2020,-0.0399,-0.2020
2012-02-07,1347.0500,0.2160,0.0212,0.2160
2012-02-08,1349.9600,0.1470,0.0066,0.1470
2012-02-09,1351.9500,-0.6890,0.0111,-0.6890
2012-02-10,1342.6400,0.6800,0.0760,0.6800
2012-02-13,1351.7700,-0.0940,0.0194,-0.0940
2012-02-14,1350.5000,-0.5380,0.0042,-0.5380
2012-02-15,1343.2300,1.1030,0.0778,1.1030
2012-02-16,1358.0400,0.2350,-0.0195,-0.2350
2012-02-17,1361.2300,0.0720,-0.0421,-0.0720
2012-02-21,1362.2100,-0.3340,0.0161,-0.3340
2012-02-22,1357.6600,0.4270,0.0539,0.4270
2012-02-23,1363.4600,0.1670,0.0193,0.1670
2012-02-24,1365.7400,0.1350,-0.0017,-0.1350
2012-02-27,1367.5900,0.3360,0.0146,0.3360
2012-02-28,1372.1801,-0.4740,0.0015,-0.4740
2012-02-29,1365.6801,0.6160,0.0505,0.6160
2012-03-01,1374.0900,-0.3250,0.0129,-0.3250
2012-03-02,1369.6300,-0.3870,0.0246,-0.3870
2012-03-05,1364.3300,-1.5370,0.0786,-1.5370
2012-03-06,1343.3600,0.6900,0.1655,0.6900
2012-03-07,1352.6300,0.9820,0.0630,0.9820
2012-03-08,1365.9100,0.3630,-0.0761,-0.3630
2012-03-09,1370.8700,0.0160,-0.0446,-0.0160
2012-03-12,1371.0900,1.8130,0.0135,1.8130
2012-03-13,1395.9500,-0.1200,-0.1006,0.1200
2012-03-14,1394.2800,0.5970,-0.0526,-0.5970
2012-03-15,1402.6000,0.1120,-0.0035,-0.1120
2012-03-16,1404.1700,0.3970,-0.0063,-0.3970
2012-03-19,1409.7500,-0.3000,-0.0016,0.3000
2012-03-20,1405.5200,-0.1870,0.0345,-0.1870
2012-03-21,1402.8900,-0.7210,0.0626,-0.7210
2012-03-22,1392.7800,0.3110,0.0955,0.3110
2012-03-23,1397.1100,1.3890,0.0479,1.3890
2012-03-26,1416.5100,-0.2820,-0.0856,0.2820
2012-03-27,1412.5200,-0.4940,-0.0183,0.4940
2012-03-28,1405.5400,-0.1610,0.0846,-0.1610
2012-03-29,1403.2800,0.3700,0.0704,0.3700
2012-03-30,1408.4700,0.7500,0.0141,0.7500
2012-04-02,1419.0400,-0.3990,-0.0415,0.3990
2012-04-03,1413.3800,-1.0200,0.0235,-1.0200
2012-04-04,1398.9600,-0.0630,0.1289,-0.0630
2012-04-05,1398.0800,-1.1360,0.0906,-1.1360
2012-04-09,1382.2000,-1.7080,0.1191,-1.7080
2012-04-10,1358.5900,0.7450,0.2165,0.7450
2012-04-11,1368.7100,1.3780,0.0676,1.3780
2012-04-12,1387.5699,-1.2480,-0.1083,1.2480
2012-04-13,1370.2600,-0.0500,0.0540,-0.0500
2012-04-16,1369.5699,1.5490,0.1025,1.5490
2012-04-17,1390.7800,-0.4060,-0.0785,0.4060
2012-04-18,1385.1400,-0.5930,-0.0176,0.5930
2012-04-19,1376.9200,0.1170,0.0984,0.1170
2012-04-20,1378.5300,-0.8410,0.0553,-0.8410
2012-04-23,1366.9399,0.3680,0.0884,0.3680
2012-04-24,1371.9700,1.3640,0.0502,1.3640
2012-04-25,1390.6899,0.6680,-0.0869,-0.6680
2012-04-26,1399.9800,0.2410,-0.0873,-0.2410
2012-04-27,1403.3600,-0.3880,-0.0188,0.3880
2012-04-30,1397.9100,0.5660,0.0494,0.5660
2012-05-01,1405.8199,-0.2500,0.0121,-0.2500
2012-05-02,1402.3101,-0.7660,0.0217,-0.7660
2012-05-03,1391.5699,-1.6150,0.1024,-1.6150
2012-05-04,1369.1000,0.0350,0.1906,0.0350
2012-05-07,1369.5800,-0.4280,0.1143,-0.4280
2012-05-08,1363.7200,-0.6700,0.0618,-0.6700
2012-05-09,1354.5800,0.2520,0.1044,0.2520
2012-05-10,1357.9900,-0.3390,0.0494,-0.3390
2012-05-11,1353.3900,-1.1110,0.0445,-1.1110
2012-05-14,1338.3500,-0.5750,0.1322,-0.5750
2012-05-15,1330.6600,-0.4400,0.1327,-0.4400
2012-05-16,1324.8000,-1.5050,0.0946,-1.5050
2012-05-17,1304.8600,-0.7390,0.1658,-0.7390
2012-05-18,1295.2200,1.6040,0.1649,1.6040
2012-05-21,1315.9900,0.0490,-0.0462,-0.0490
2012-05-22,1316.6300,0.1690,-0.0545,-0.1690
2012-05-23,1318.8600,0.1380,0.0189,0.1380
2012-05-24,1320.6801,-0.2170,0.0141,-0.2170
2012-05-25,1317.8199,1.1080,0.0419,1.1080
2012-05-29,1332.4200,-1.4330,-0.0367,1.4330
2012-05-30,1313.3199,-0.2280,0.0811,-0.2280
2012-05-31,1310.3300,-2.4640,0.1249,-2.4640
2012-06-01,1278.0400,0.0110,0.2246,0.0110
2012-06-04,1278.1801,0.5730,0.1607,0.5730
2012-06-05,1285.5000,2.3050,-0.0108,-2.3050
2012-06-06,1315.1300,-0.0110,-0.1665,0.0110
2012-06-07,1314.9900,0.8110,-0.0860,-0.8110
2012-06-08,1325.6600,-1.2620,-0.0247,1.2620
2012-06-11,1308.9301,1.1650,0.0838,1.1650
2012-06-12,1324.1801,-0.7020,0.0146,-0.7020
2012-06-13,1314.8800,1.0810,0.0236,1.0810
2012-06-14,1329.1000,1.0340,-0.0086,-1.0340
2012-06-15,1342.8400,0.1440,-0.1001,-0.1440
2012-06-18,1344.7800,0.9820,-0.0309,-0.9820
2012-06-19,1357.9800,-0.1690,-0.0460,0.1690
2012-06-20,1355.6899,-2.2260,-0.0056,2.2260
2012-06-21,1325.5100,0.7170,0.2054,0.7170
2012-06-22,1335.0200,-1.5950,0.0973,-1.5950
2012-06-25,1313.7200,0.4770,0.1121,0.4770
2012-06-26,1319.9900,0.8980,0.0820,0.8980
2012-06-27,1331.8500,-0.2110,-0.0588,0.2110
2012-06-28,1329.0400,2.4920,0.0020,2.4920
2012-06-29,1362.1600,0.2460,-0.1379,-0.2460
2012-07-02,1365.5100,0.6230,-0.1153,-0.6230
2012-07-03,1374.0200,-0.4690,-0.0242,0.4690
2012-07-05,1367.5800,-0.9430,0.0352,-0.9430
2012-07-06,1354.6801,-0.1640,0.1268,-0.1640
2012-07-09,1352.4600,-0.8130,0.0940,-0.8130
2012-07-10,1341.4700,-0.0010,0.1006,-0.0010
2012-07-11,1341.4500,-0.4990,0.0755,-0.4990
2012-07-12,1334.7600,1.6500,0.0693,1.6500
2012-07-13,1356.7800,-0.2310,-0.0615,0.2310
2012-07-16,1353.6400,0.7410,-0.0360,-0.7410
2012-07-17,1363.6700,0.6680,-0.0082,-0.6680
2012-07-18,1372.7800,0.2720,-0.0549,-0.2720
2012-07-19,1376.5100,-1.0060,-0.0214,1.0060
2012-07-20,1362.6600,-0.8910,0.0932,-0.8910
2012-07-23,1350.5200,-0.9040,0.1505,-0.9040
2012-07-24,1338.3101,-0.0310,0.1449,-0.0310
2012-07-25,1337.8900,1.6540,0.0820,1.6540
2012-07-26,1360.0200,1.9080,-0.0870,-1.9080
2012-07-27,1385.9700,-0.0480,-0.1948,0.0480
2012-07-30,1385.3000,-0.4320,-0.0620,0.4320
2012-07-31,1379.3199,-0.2900,0.0682,-0.2900
2012-08-01,1375.3199,-0.7500,0.0768,-0.7500
2012-08-02,1365.0000,1.9040,0.1029,1.9040
2012-08-03,1390.9900,0.2330,-0.0668,-0.2330
2012-08-06,1394.2300,0.5110,-0.0839,-0.5110
2012-08-07,1401.3500,0.0620,-0.0156,-0.0620
2012-08-08,1402.2200,0.0410,0.0020,0.0410
2012-08-09,1402.8000,0.2190,0.0271,0.2190
2012-08-10,1405.8700,-0.1250,0.0149,-0.1250
2012-08-13,1404.1100,-0.0130,0.0309,-0.0130
2012-08-14,1403.9301,0.1140,0.0407,0.1140
2012-08-15,1405.5300,0.7100,0.0253,0.7100
2012-08-16,1415.5100,0.1870,-0.0250,-0.1870
2012-08-17,1418.1600,-0.0020,-0.0177,0.0020
2012-08-20,1418.1300,-0.3500,0.0238,-0.3500
2012-08-21,1413.1700,0.0230,0.0589,0.0230
2012-08-22,1413.4900,-0.8070,0.0497,-0.8070
2012-08-23,1402.0800,0.6450,0.0909,0.6450
2012-08-24,1411.1300,-0.0490,0.0281,-0.0490
2012-08-27,1410.4399,-0.0810,0.0026,-0.0810
2012-08-28,1409.3000,0.0840,0.0419,0.0840
2012-08-29,1410.4900,-0.7810,0.0311,-0.7810
2012-08-30,1399.4800,0.5070,0.0859,0.5070
2012-08-31,1406.5800,-0.1170,0.0368,-0.1170
2012-09-04,1404.9399,-0.1070,0.0148,-0.1070
2012-09-05,1403.4399,2.0440,0.0472,2.0440
2012-09-06,1432.1200,0.4050,-0.1112,-0.4050
2012-09-07,1437.9200,-0.6150,-0.1037,0.6150
2012-09-10,1429.0800,0.3130,0.0582,0.3130
2012-09-11,1433.5601,0.2090,0.0425,0.2090
2012-09-12,1436.5601,1.6310,0.0010,1.6310
2012-09-13,1459.9900,0.3960,-0.0975,-0.3960
2012-09-14,1465.7700,-0.3120,-0.0812,0.3120
2012-09-17,1461.1899,-0.1280,0.0363,-0.1280
2012-09-18,1459.3199,0.1190,0.0589,0.1190
2012-09-19,1461.0500,-0.0540,0.0309,-0.0540
2012-09-20,1460.2600,-0.0080,0.0308,-0.0080
2012-09-21,1460.1500,-0.2230,0.0365,-0.2230
2012-09-24,1456.8900,-1.0500,0.0498,-1.0500
2012-09-25,1441.5900,-0.5740,0.1216,-0.5740
2012-09-26,1433.3199,0.9650,0.1295,0.9650
2012-09-27,1447.1500,-0.4480,-0.0080,0.4480
2012-09-28,1440.6700,0.2650,0.0155,0.2650
2012-10-01,1444.4900,0.0870,0.0375,0.0870
2012-10-02,1445.7500,0.3620,0.0126,0.3620
2012-10-03,1450.9900,0.7170,0.0021,0.7170
2012-10-04,1461.4000,-0.0320,-0.0385,0.0320
2012-10-05,1460.9301,-0.3460,-0.0018,0.3460
2012-10-08,1455.8800,-0.9890,0.0605,-0.9890
2012-10-09,1441.4800,-0.6190,0.1234,-0.6190
2012-10-10,1432.5601,0.0200,0.1295,0.0200
2012-10-11,1432.8400,-0.2970,0.0634,-0.2970
2012-10-12,1428.5900,0.8080,0.0535,0.8080
2012-10-15,1440.1300,1.0270,-0.0106,-1.0270
2012-10-16,1454.9200,0.4120,-0.0850,-0.4120
2012-10-17,1460.9100,-0.2440,-0.0505,0.2440
2012-10-18,1457.3400,-1.6570,0.0301,-1.6570
2012-10-19,1433.1899,0.0440,0.1673,0.0440
2012-10-22,1433.8199,-1.4440,0.1162,-1.4440
2012-10-23,1413.1100,-0.3090,0.1359,-0.3090
2012-10-24,1408.7500,0.3000,0.1308,0.3000
2012-10-25,1412.9700,-0.0730,0.0265,-0.0730
2012-10-26,1411.9399,0.0160,0.0226,0.0160
2012-10-31,1412.1600,1.0930,0.0359,1.0930
2012-11-01,1427.5900,-0.9380,-0.0479,0.9380
2012-11-02,1414.2000,0.2160,0.0454,0.2160
2012-11-05,1417.2600,0.7850,0.0668,0.7850
2012-11-06,1428.3900,-2.3710,-0.0364,2.3710
2012-11-07,1394.5300,-1.2200,0.1670,-1.2200
2012-11-08,1377.5100,0.1700,0.2451,0.1700
2012-11-09,1379.8500,0.0130,0.0831,0.0130
2012-11-12,1380.0300,-0.3990,0.0226,-0.3990
2012-11-13,1374.5300,-1.3850,0.0617,-1.3850
2012-11-14,1355.4900,-0.1590,0.1552,-0.1590
2012-11-15,1353.3300,0.4840,0.1167,0.4840
2012-11-16,1359.8800,1.9860,0.0052,1.9860
2012-11-19,1386.8900,0.0660,-0.1384,-0.0660
2012-11-20,1387.8101,0.2320,-0.0752,-0.2320
2012-11-21,1391.0300,1.3030,0.0136,1.3030
2012-11-23,1409.1500,-0.2030,-0.0747,0.2030
2012-11-26,1406.2900,-0.5230,-0.0197,0.5230
2012-11-27,1398.9399,0.7860,0.0826,0.7860
2012-11-28,1409.9301,0.4270,0.0028,0.4270
2012-11-29,1415.9500,0.0160,-0.0397,-0.0160
2012-11-30,1416.1801,-0.4750,0.0100,-0.4750
2012-12-03,1409.4600,-0.1710,0.0672,-0.1710
2012-12-04,1407.0500,0.1580,0.0703,0.1580
2012-12-05,1409.2800,0.3310,0.0301,0.3310
2012-12-06,1413.9399,0.2920,0.0004,0.2920
2012-12-07,1418.0699,0.0340,-0.0056,-0.0340
2012-12-10,1418.5500,0.6550,0.0155,0.6550
2012-12-11,1427.8400,0.0450,-0.0166,-0.0450
2012-12-12,1428.4800,-0.6320,-0.0044,0.6320
2012-12-13,1419.4500,-0.4140,0.0774,-0.4140
2012-12-14,1413.5800,1.1870,0.0962,1.1870
2012-12-17,1430.3600,1.1490,-0.0325,-1.1490
2012-12-18,1446.7900,-0.7590,-0.1140,0.7590
2012-12-19,1435.8101,0.5490,0.0299,0.5490
2012-12-20,1443.6899,-0.9380,0.0332,-0.9380
2012-12-21,1430.1500,-0.2440,0.0731,-0.2440
2012-12-24,1426.6600,-0.4790,0.1000,-0.4790
2012-12-26,1419.8300,-0.1220,0.0804,-0.1220
2012-12-27,1418.1000,-1.1050,0.0668,-1.1050
2012-12-28,1402.4301,1.6940,0.1201,1.6940
2012-12-31,1426.1899,2.5400,-0.0326,-2.5400
2013-01-02,1462.4200,-0.2090,-0.2342,0.2090
2013-01-03,1459.3700,0.4870,-0.0807,-0.4870
2013-01-04,1466.4700,-0.3120,0.0109,-0.3120
2013-01-07,1461.8900,-0.3240,0.0324,-0.3240
2013-01-08,1457.1500,0.2660,0.0740,0.2660
2013-01-09,1461.0200,0.7600,0.0330,0.7600
2013-01-10,1472.1200,-0.0050,-0.0325,0.0050
2013-01-11,1472.0500,-0.0930,-0.0036,0.0930
2013-01-14,1470.6801,0.1130,0.0418,0.1130
2013-01-15,1472.3400,0.0200,0.0319,0.0200
2013-01-16,1472.6300,0.5640,0.0279,0.5640
2013-01-17,1480.9399,0.3400,-0.0060,-0.3400
2013-01-18,1485.9800,0.4430,-0.0181,-0.4430
2013-01-22,1492.5601,0.1510,-0.0140,-0.1510
2013-01-23,1494.8101,0.0010,0.0016,0.0010
2013-01-24,1494.8199,0.5450,0.0272,0.5450
2013-01-25,1502.9600,-0.1850,-0.0036,0.1850
2013-01-28,1500.1801,0.5110,0.0203,0.5110
2013-01-29,1507.8400,-0.3900,0.0083,-0.3900
2013-01-30,1501.9600,-0.2560,0.0367,-0.2560
2013-01-31,1498.1100,1.0050,0.0732,1.0050
2013-02-01,1513.1700,-1.1540,-0.0228,1.1540
2013-02-04,1495.7100,1.0420,0.0660,1.0420
2013-02-05,1511.2900,0.0550,0.0209,0.0550
2013-02-06,1512.1200,-0.1810,-0.0221,0.1810
2013-02-07,1509.3900,0.5660,0.0449,0.5660
2013-02-08,1517.9301,-0.0610,0.0043,-0.0610
2013-02-11,1517.0100,0.1600,0.0104,0.1600
2013-02-12,1519.4301,0.0590,0.0268,0.0590
2013-02-13,1520.3300,0.0690,0.0227,0.0690
2013-02-14,1521.3800,-0.1050,0.0271,-0.1050
2013-02-15,1519.7900,0.7340,0.0390,0.7340
2013-02-19,1530.9399,-1.2400,-0.0115,1.2400
2013-02-20,1511.9500,-0.6300,0.0859,-0.6300
2013-02-21,1502.4200,0.8770,0.1430,0.8770
2013-02-22,1515.6000,-1.8310,0.0058,-1.8310
2013-02-25,1487.8500,0.6110,0.1209,0.6110
2013-02-26,1496.9399,1.2730,0.0863,1.2730
2013-02-27,1515.9900,-0.0860,-0.0866,0.0860
2013-02-28,1514.6801,0.2320,-0.0242,-0.2320
2013-03-01,1518.2000,0.4610,0.0228,0.4610
2013-03-04,1525.2000,0.9570,-0.0096,-0.9570
2013-03-05,1539.7900,0.1080,-0.0567,-0.1080
2013-03-06,1541.4600,0.1820,-0.0219,-0.1820
2013-03-07,1544.2600,0.4480,0.0165,0.4480
2013-03-08,1551.1801,0.3250,-0.0061,-0.3250
2013-03-11,1556.2200,-0.2400,-0.0111,0.2400
2013-03-12,1552.4800,0.1310,0.0354,0.1310
2013-03-13,1554.5200,0.5600,0.0381,0.5600
2013-03-14,1563.2300,-0.1620,-0.0114,0.1620
2013-03-15,1560.7000,-0.5510,0.0178,-0.5510
2013-03-18,1552.1000,-0.2420,0.0824,-0.2420
2013-03-19,1548.3400,0.6700,0.0806,0.6700
2013-03-20,1558.7100,-0.8280,0.0002,-0.8280
2013-03-21,1545.8000,0.7170,0.0598,0.7170
2013-03-22,1556.8900,-0.3340,0.0270,-0.3340
2013-03-25,1551.6899,0.7790,0.0222,0.7790
2013-03-26,1563.7700,-0.0590,-0.0030,0.0590
2013-03-27,1562.8500,0.4060,-0.0006,-0.4060
2013-03-28,1569.1899,-0.4470,0.0092,-0.4470
2013-04-01,1562.1700,0.5170,0.0461,0.5170
2013-04-02,1570.2500,-1.0550,0.0214,-1.0550
2013-04-03,1553.6899,0.4050,0.0837,0.4050
2013-04-04,1559.9800,-0.4290,0.0607,-0.4290
2013-04-05,1553.2800,0.6300,0.0451,0.6300
2013-04-08,1563.0699,0.3540,0.0125,0.3540
2013-04-09,1568.6100,1.2190,-0.0224,-1.2190
2013-04-10,1587.7300,0.3550,-0.0699,-0.3550
2013-04-11,1593.3700,-0.2840,-0.0530,0.2840
2013-04-12,1588.8500,-2.2970,0.0368,-2.2970
2013-04-15,1552.3600,1.4310,0.2123,1.4310
2013-04-16,1574.5699,-1.4330,0.0533,-1.4330
2013-04-17,1552.0100,-0.6700,0.0647,-0.6700
2013-04-18,1541.6100,0.8850,0.1555,0.8850
2013-04-19,1555.2500,0.4660,0.0073,0.4660
2013-04-22,1562.5000,1.0420,-0.0435,-1.0420
2013-04-23,1578.7800,0.0010,-0.0632,-0.0010
2013-04-24,1578.7900,0.4030,-0.0186,-0.4030
2013-04-25,1585.1600,-0.1840,0.0063,-0.1840
2013-04-26,1582.2400,0.7190,0.0275,0.7190
2013-04-29,1593.6100,0.2480,-0.0064,-0.2480
2013-04-30,1597.5699,-0.9310,-0.0195,0.9310
2013-05-01,1582.7000,0.9410,0.0884,0.9410
2013-05-02,1597.5900,1.0530,0.0166,1.0530
2013-05-03,1614.4200,0.1910,-0.0883,-0.1910
2013-05-06,1617.5000,0.5230,-0.0328,-0.5230
2013-05-07,1625.9600,0.4140,-0.0120,-0.4140
2013-05-08,1632.6899,-0.3690,-0.0213,0.3690
2013-05-09,1626.6700,0.4320,0.0400,0.4320
2013-05-10,1633.7000,0.0040,0.0234,0.0040
2013-05-13,1633.7700,1.0140,0.0127,1.0140
2013-05-14,1650.3400,0.5110,-0.0371,-0.5110
2013-05-15,1658.7800,-0.5010,-0.0535,0.5010
2013-05-16,1650.4700,1.0300,0.0443,1.0300
2013-05-17,1667.4700,-0.0710,-0.0121,0.0710
2013-05-20,1666.2900,0.1720,-0.0127,-0.1720
2013-05-21,1669.1600,-0.8270,0.0264,-0.8270
2013-05-22,1655.3500,-0.2920,0.0851,-0.2920
2013-05-23,1650.5100,-0.0550,0.0982,-0.0550
2013-05-24,1649.6000,0.6340,0.0542,0.6340
2013-05-28,1660.0601,-0.7050,-0.0070,0.7050
2013-05-29,1648.3600,0.3670,0.0528,0.3670
2013-05-30,1654.4100,-1.4310,0.0453,-1.4310
2013-05-31,1630.7400,0.5940,0.1182,0.5940
2013-06-03,1640.4200,-0.5510,0.0669,-0.5510
2013-06-04,1631.3800,-1.3780,0.0442,-1.3780
2013-06-05,1608.9000,0.8490,0.1607,0.8490
2013-06-06,1622.5601,1.2830,0.0464,1.2830
2013-06-07,1643.3800,-0.0350,-0.0999,0.0350
2013-06-10,1642.8101,-1.0150,-0.0285,1.0150
2013-06-11,1626.1300,-0.8370,0.1087,-0.8370
2013-06-12,1612.5200,1.4780,0.1462,1.4780
2013-06-13,1636.3600,-0.5890,-0.0260,0.5890
2013-06-14,1626.7300,0.7570,0.0015,0.7570
2013-06-17,1639.0400,0.7790,0.0116,0.7790
2013-06-18,1651.8101,-1.3850,-0.0592,1.3850
2013-06-19,1628.9301,-2.5010,0.0938,-2.5010
2013-06-20,1588.1899,0.2670,0.2818,0.2670
2013-06-21,1592.4301,-1.2150,0.1453,-1.2150
2013-06-24,1573.0900,0.9500,0.1082,0.9500
2013-06-25,1588.0300,0.9590,0.0307,0.9590
2013-06-26,1603.2600,0.6200,-0.0820,-0.6200
2013-06-27,1613.2000,-0.4290,-0.0586,0.4290
2013-06-28,1606.2800,0.5400,0.0337,0.5400
2013-07-01,1614.9600,-0.0540,0.0188,-0.0540
2013-07-02,1614.0800,0.0820,0.0113,0.0820
2013-07-03,1615.4100,1.0200,0.0320,1.0200
2013-07-05,1631.8900,0.5250,-0.0415,-0.5250
2013-07-08,1640.4600,0.7230,-0.0549,-0.7230
2013-07-09,1652.3199,0.0180,-0.0435,-0.0180
2013-07-10,1652.6200,1.3550,-0.0034,-1.3550
2013-07-11,1675.0200,0.3090,-0.0621,-0.3090
2013-07-12,1680.1899,0.1370,-0.0566,-0.1370
2013-07-15,1682.5000,-0.3710,0.0092,-0.3710
2013-07-16,1676.2600,0.2770,0.0543,0.2770
2013-07-17,1680.9100,0.5030,0.0345,0.5030
2013-07-18,1689.3700,0.1610,-0.0149,-0.1610
2013-07-19,1692.0900,0.2030,-0.0023,-0.2030
2013-07-22,1695.5300,-0.1850,0.0123,-0.1850
2013-07-23,1692.3900,-0.3810,0.0378,-0.3810
2013-07-24,1685.9399,0.2560,0.0716,0.2560
2013-07-25,1690.2500,0.0830,0.0366,0.0830
2013-07-26,1691.6500,-0.3740,0.0162,-0.3740
2013-07-29,1685.3300,0.0370,0.0573,0.0370
2013-07-30,1685.9600,-0.0140,0.0517,-0.0140
2013-07-31,1685.7300,1.2540,0.0342,1.2540
2013-08-01,1706.8700,0.1640,-0.0532,-0.1640
2013-08-02,1709.6700,-0.1480,-0.0411,0.1480
2013-08-05,1707.1400,-0.5720,0.0370,-0.5720
2013-08-06,1697.3700,-0.3810,0.0833,-0.3810
2013-08-07,1690.9100,0.3890,0.0914,0.3890
2013-08-08,1697.4800,-0.3570,0.0273,-0.3570
2013-08-09,1691.4200,-0.1150,0.0406,-0.1150
2013-08-12,1689.4700,0.2780,0.0616,0.2780
2013-08-13,1694.1600,-0.5180,0.0214,-0.5180
2013-08-14,1685.3900,-1.4280,0.0577,-1.4280
2013-08-15,1661.3199,-0.3300,0.1626,-0.3300
2013-08-16,1655.8300,-0.5900,0.1318,-0.5900
2013-08-19,1646.0601,0.3820,0.0941,0.3820
2013-08-20,1652.3500,-0.5780,0.0385,-0.5780
2013-08-21,1642.8000,0.8620,0.0567,0.8620
2013-08-22,1656.9600,0.3950,0.0038,0.3950
2013-08-23,1663.5000,-0.4040,-0.0372,0.4040
2013-08-26,1656.7800,-1.5870,0.0434,-1.5870
2013-08-27,1630.4800,0.2750,0.1681,0.2750
2013-08-28,1634.9600,0.1960,0.0975,0.1960
2013-08-29,1638.1700,-0.3170,0.0073,-0.3170
2013-08-30,1632.9700,0.4160,0.0475,0.4160
2013-09-03,1639.7700,0.8120,0.0219,0.8120
2013-09-04,1653.0800,0.1210,-0.0440,-0.1210
2013-09-05,1655.0800,0.0050,-0.0153,-0.0050
2013-09-06,1655.1700,0.9990,0.0284,0.9990
2013-09-09,1671.7100,0.7350,-0.0361,-0.7350
2013-09-10,1683.9900,0.3050,-0.0687,-0.3050
2013-09-11,1689.1300,-0.3380,-0.0246,0.3380
2013-09-12,1683.4200,0.2710,0.0433,0.2710
2013-09-13,1687.9900,0.5690,0.0332,0.5690
2013-09-16,1697.6000,0.4220,-0.0192,-0.4220
2013-09-17,1704.7600,1.2180,-0.0242,-1.2180
2013-09-18,1725.5200,-0.1840,-0.0733,0.1840
2013-09-19,1722.3400,-0.7220,-0.0143,0.7220
2013-09-20,1709.9100,-0.4720,0.0955,-0.4720
2013-09-23,1701.8400,-0.2600,0.1055,-0.2600
2013-09-24,1697.4200,-0.2740,0.0779,-0.2740
2013-09-25,1692.7700,0.3490,0.0679,0.3490
2013-09-26,1698.6700,-0.4070,0.0246,-0.4070
2013-09-27,1691.7500,-0.6030,0.0462,-0.6030
2013-09-30,1681.5500,0.8000,0.0986,0.8000
2013-10-01,1695.0000,-0.0670,0.0097,-0.0670
2013-10-02,1693.8700,-0.8980,-0.0011,0.8980
2013-10-03,1678.6600,0.7050,0.1021,0.7050
2013-10-04,1690.5000,-0.8510,0.0316,-0.8510
2013-10-07,1676.1200,-1.2330,0.0597,-1.2330
2013-10-08,1655.4500,0.0570,0.1657,0.0570
2013-10-09,1656.4000,2.1830,0.0946,2.1830
2013-10-10,1692.5601,0.6290,-0.1226,-0.6290
2013-10-11,1703.2000,0.4070,-0.1224,-0.4070
2013-10-14,1710.1400,-0.7060,-0.0266,0.7060
2013-10-15,1698.0601,1.3830,0.0643,1.3830
2013-10-16,1721.5400,0.6740,-0.0263,-0.6740
2013-10-17,1733.1500,0.6550,-0.0841,-0.6550
2013-10-18,1744.5000,0.0090,-0.0465,-0.0090
2013-10-21,1744.6600,0.5740,0.0007,0.5740
2013-10-22,1754.6700,-0.4720,-0.0062,0.4720
2013-10-23,1746.3800,0.3260,0.0393,0.3260
2013-10-24,1752.0699,0.4390,0.0363,0.4390
2013-10-25,1759.7700,0.1330,-0.0128,-0.1330
2013-10-28,1762.1100,0.5580,0.0030,0.5580
2013-10-29,1771.9500,-0.4880,-0.0115,0.4880
2013-10-30,1763.3101,-0.3840,0.0411,-0.3840
2013-10-31,1756.5400,0.2900,0.0872,0.2900
2013-11-01,1761.6400,0.3570,0.0344,0.3570
2013-11-04,1767.9301,-0.2810,-0.0051,0.2810
2013-11-05,1762.9700,0.4270,0.0367,0.4270
2013-11-06,1770.4900,-1.3180,0.0193,-1.3180
2013-11-07,1747.1500,1.3430,0.1071,1.3430
2013-11-08,1770.6100,0.0720,0.0084,0.0720
2013-11-11,1771.8900,-0.2370,-0.0388,0.2370
2013-11-12,1767.6899,0.8100,0.0480,0.8100
2013-11-13,1782.0000,0.4840,-0.0101,-0.4840
2013-11-14,1790.6200,0.4220,-0.0410,-0.4220
2013-11-15,1798.1801,-0.3700,-0.0200,0.3700
2013-11-18,1791.5300,-0.2040,0.0397,-0.2040
2013-11-19,1787.8700,-0.3640,0.0685,-0.3640
2013-11-20,1781.3700,0.8130,0.0714,0.8130
2013-11-21,1795.8500,0.4960,-0.0037,-0.4960
2013-11-22,1804.7600,-0.1260,-0.0420,0.1260
2013-11-25,1802.4800,0.0150,0.0185,0.0150
2013-11-26,1802.7500,0.2490,0.0405,0.2490
2013-11-27,1807.2300,-0.0790,0.0167,-0.0790
2013-11-29,1805.8101,-0.2720,0.0279,-0.2720
2013-12-02,1800.9000,-0.3190,0.0584,-0.3190
2013-12-03,1795.1500,-0.1300,0.0717,-0.1300
2013-12-04,1792.8101,-0.4340,0.0608,-0.4340
2013-12-05,1785.0300,1.1240,0.0726,1.1240
2013-12-06,1805.0900,0.1820,-0.0221,-0.1820
2013-12-09,1808.3700,-0.3180,-0.0355,0.3180
2013-12-10,1802.6200,-1.1320,0.0482,-1.1320
2013-12-11,1782.2200,-0.3770,0.1315,-0.3770
2013-12-12,1775.5000,-0.0100,0.1199,-0.0100
2013-12-13,1775.3199,0.6320,0.0554,0.6320
2013-12-16,1786.5400,-0.3100,-0.0091,0.3100
2013-12-17,1781.0000,1.6650,0.0248,1.6650
2013-12-18,1810.6500,-0.0580,-0.0669,0.0580
2013-12-19,1809.6000,0.4820,-0.0462,-0.4820
2013-12-20,1818.3199,0.5320,0.0036,0.5320
2013-12-23,1827.9900,0.2920,-0.0275,-0.2920
2013-12-24,1833.3199,0.4750,-0.0131,-0.4750
2013-12-26,1842.0200,-0.0340,-0.0137,0.0340
2013-12-27,1841.4000,-0.0180,0.0131,-0.0180
2013-12-30,1841.0699,0.3960,0.0380,0.3960
2013-12-31,1848.3600,-0.8860,0.0080,-0.8860
2014-01-02,1831.9800,-0.0330,0.0830,-0.0330
2014-01-03,1831.3700,-0.2510,0.0863,-0.2510
2014-01-06,1826.7700,0.6080,0.0583,0.6080
2014-01-07,1837.8800,-0.0210,0.0076,-0.0210
2014-01-08,1837.4900,0.0350,0.0094,0.0350
2014-01-09,1838.1300,0.2310,0.0376,0.2310
2014-01-10,1842.3700,-1.2580,0.0204,-1.2580
2014-01-13,1819.2000,1.0820,0.1182,1.0820
2014-01-14,1838.8800,0.5170,0.0252,0.5170
2014-01-15,1848.3800,-0.1350,-0.0542,0.1350
2014-01-16,1845.8900,-0.3900,0.0228,-0.3900
2014-01-17,1838.7000,0.2770,0.0740,0.2770
2014-01-21,1843.8000,0.0570,0.0385,0.0570
2014-01-22,1844.8600,-0.8890,0.0204,-0.8890
2014-01-23,1828.4600,-2.0880,0.1003,-2.0880
2014-01-24,1790.2900,-0.4880,0.2339,-0.4880
2014-01-27,1781.5601,0.6140,0.1791,0.6140
2014-01-28,1792.5000,-1.0210,0.0186,-1.0210
2014-01-29,1774.2000,1.1270,0.0816,1.1270
2014-01-30,1794.1899,-0.6470,0.0099,-0.6470
2014-01-31,1782.5900,-2.2830,0.0284,-2.2830
2014-02-03,1741.8900,0.7640,0.2363,0.7640
2014-02-04,1755.2000,-0.2030,0.1000,-0.2030
2014-02-05,1751.6400,1.2440,0.0140,1.2440
2014-02-06,1773.4301,1.3300,-0.0404,-1.3300
2014-02-07,1797.0200,0.1570,-0.1214,-0.1570
2014-02-10,1799.8400,1.1060,-0.0397,-1.1060
2014-02-11,1819.7500,-0.0270,-0.0487,0.0270
2014-02-12,1819.2600,0.5810,-0.0153,-0.5810
2014-02-13,1829.8300,0.4810,-0.0014,-0.4810
2014-02-14,1838.6300,0.1160,-0.0256,-0.1160
2014-02-18,1840.7600,-0.6520,0.0062,-0.6520
2014-02-19,1828.7500,0.6030,0.0803,0.6030
2014-02-20,1839.7800,-0.1920,0.0285,-0.1920
2014-02-21,1836.2500,0.6190,0.0219,0.6190
2014-02-24,1847.6100,-0.1350,0.0041,-0.1350
2014-02-25,1845.1200,0.0020,0.0171,0.0020
2014-02-26,1845.1600,0.4950,0.0457,0.4950
2014-02-27,1854.2900,0.2780,0.0029,0.2780
2014-02-28,1859.4500,-0.7380,-0.0065,0.7380
2014-03-03,1845.7300,1.5270,0.0783,1.5270
2014-03-04,1873.9100,-0.0050,-0.0335,0.0050
2014-03-05,1873.8101,0.1720,-0.0385,-0.1720
2014-03-06,1877.0300,0.0540,0.0272,0.0540
2014-03-07,1878.0400,-0.0460,0.0262,-0.0460
2014-03-10,1877.1700,-0.5080,0.0395,-0.5080
2014-03-11,1867.6300,0.0310,0.0779,0.0310
2014-03-12,1868.2000,-1.1700,0.0624,-1.1700
2014-03-13,1846.3400,-0.2820,0.1217,-0.2820
2014-03-14,1841.1300,0.9610,0.1184,0.9610
2014-03-17,1858.8300,0.7220,-0.0167,-0.7220
2014-03-18,1872.2500,-0.6130,-0.0626,0.6130
2014-03-19,1860.7700,0.6040,0.0471,0.6040
2014-03-20,1872.0100,-0.2930,0.0267,-0.2930
2014-03-21,1866.5200,-0.4860,0.0292,-0.4860
2014-03-24,1857.4399,0.4400,0.0890,0.4400
2014-03-25,1865.6200,-0.7000,0.0317,-0.7000
2014-03-26,1852.5601,-0.1900,0.0671,-0.1900
2014-03-27,1849.0400,0.4640,0.0881,0.4640
2014-03-28,1857.6200,0.7920,0.0147,0.7920
2014-03-31,1872.3400,0.7040,-0.0423,-0.7040
2014-04-01,1885.5200,0.2850,-0.0524,-0.2850
2014-04-02,1890.9000,-0.1130,-0.0173,0.1130
2014-04-03,1888.7700,-1.2540,0.0327,-1.2540
2014-04-04,1865.0900,-1.0750,0.1352,-1.0750
2014-04-07,1845.0400,0.3750,0.1794,0.3750
2014-04-08,1851.9600,1.0920,0.0660,1.0920
2014-04-09,1872.1801,-2.0880,-0.0598,2.0880
2014-04-10,1833.0800,-0.9490,0.1357,-0.9490
2014-04-11,1815.6899,0.8220,0.2127,0.8220
2014-04-14,1830.6100,0.6760,0.0272,0.6760
2014-04-15,1842.9800,1.0490,-0.0524,-1.0490
2014-04-16,1862.3101,0.1360,-0.0714,-0.1360
2014-04-17,1864.8500,0.3780,-0.0241,-0.3780
2014-04-21,1871.8900,0.4090,0.0049,0.4090
2014-04-22,1879.5500,-0.2210,-0.0100,0.2210
2014-04-23,1875.3900,0.1720,0.0342,0.1720
2014-04-24,1878.6100,-0.8100,0.0378,-0.8100
2014-04-25,1863.4000,0.3240,0.0886,0.3240
2014-04-28,1869.4301,0.4760,0.0567,0.4760
2014-04-29,1878.3300,0.2990,-0.0124,-0.2990
2014-04-30,1883.9500,-0.0140,-0.0069,0.0140
2014-05-01,1883.6801,-0.1350,0.0248,-0.1350
2014-05-02,1881.1400,0.1870,0.0494,0.1870
2014-05-05,1884.6600,-0.8990,0.0321,-0.8990
2014-05-06,1867.7200,0.5620,0.0943,0.5620
2014-05-07,1878.2100,-0.1370,0.0441,-0.1370
2014-05-08,1875.6300,0.1520,0.0200,0.1520
2014-05-09,1878.4800,0.9670,0.0350,0.9670
2014-05-12,1896.6500,0.0420,-0.0390,-0.0420
2014-05-13,1897.4500,-0.4700,-0.0133,0.4700
2014-05-14,1888.5300,-0.9360,0.0710,-0.9360
2014-05-15,1870.8500,0.3750,0.1301,0.3750
2014-05-16,1877.8600,0.3840,0.0592,0.3840
2014-05-19,1885.0800,-0.6500,-0.0084,0.6500
2014-05-20,1872.8300,0.8120,0.0666,0.8120
2014-05-21,1888.0300,0.2360,0.0135,0.2360
2014-05-22,1892.4900,0.4250,-0.0198,-0.4250
2014-05-23,1900.5300,0.5990,-0.0036,-0.5990
2014-05-27,1911.9100,-0.1110,-0.0261,0.1110
2014-05-28,1909.7800,0.5370,0.0167,0.5370
2014-05-29,1920.0300,0.1840,0.0059,0.1840
2014-05-30,1923.5699,0.0730,-0.0018,-0.0730
2014-06-02,1924.9700,-0.0380,0.0244,-0.0380
2014-06-03,1924.2400,0.1890,0.0379,0.1890
2014-06-04,1927.8800,0.6530,0.0271,0.6530
2014-06-05,1940.4600,0.4630,-0.0180,-0.4630
2014-06-06,1949.4399,0.0940,-0.0278,-0.0940
2014-06-09,1951.2700,-0.0250,0.0088,-0.0250
2014-06-10,1950.7900,-0.3540,0.0360,-0.3540
2014-06-11,1943.8900,-0.7090,0.0657,-0.7090
2014-06-12,1930.1100,0.3130,0.1079,0.3130
2014-06-13,1936.1600,0.0840,0.0521,0.0840
2014-06-16,1937.7800,0.2170,0.0166,0.2170
2014-06-17,1941.9900,0.7720,0.0190,0.7720
2014-06-18,1956.9800,0.1280,-0.0281,-0.1280
2014-06-19,1959.4800,0.1730,-0.0096,-0.1730
2014-06-20,1962.8700,-0.0130,0.0201,-0.0130
2014-06-23,1962.6100,-0.6440,0.0310,-0.6440
2014-06-24,1949.9800,0.4900,0.0861,0.4900
2014-06-25,1959.5300,-0.1180,0.0362,-0.1180
2014-06-26,1957.2200,0.1910,0.0223,0.1910
2014-06-27,1960.9600,-0.0370,0.0312,-0.0370
2014-06-30,1960.2300,0.6680,0.0318,0.6680
2014-07-01,1973.3199,0.0660,-0.0075,-0.0660
2014-07-02,1974.6200,0.5480,0.0001,0.5480
2014-07-03,1985.4399,-0.3920,-0.0039,0.3920
2014-07-07,1977.6500,-0.7050,0.0395,-0.7050
2014-07-08,1963.7100,0.4640,0.1097,0.4640
2014-07-09,1972.8300,-0.4130,0.0410,-0.4130
2014-07-10,1964.6801,0.1470,0.0450,0.1470
2014-07-11,1967.5699,0.4840,0.0493,0.4840
2014-07-14,1977.1000,-0.1930,-0.0039,0.1930
2014-07-15,1973.2800,0.4200,0.0283,0.4200
2014-07-16,1981.5699,-1.1830,0.0185,-1.1830
2014-07-17,1958.1200,1.0260,0.1032,1.0260
2014-07-18,1978.2200,-0.2320,0.0254,-0.2320
2014-07-21,1973.6300,0.5020,0.0032,0.5020
2014-07-22,1983.5300,0.1750,0.0147,0.1750
2014-07-23,1987.0100,0.0490,0.0006,0.0490
2014-07-24,1987.9800,-0.4850,0.0266,-0.4850
2014-07-25,1978.3400,0.0290,0.0715,0.0290
2014-07-28,1978.9100,-0.4530,0.0613,-0.4530
2014-07-29,1969.9500,0.0060,0.0699,0.0060
2014-07-30,1970.0699,-2.0000,0.0614,-2.0000
2014-07-31,1930.6700,-0.2860,0.1829,-0.2860
2014-08-01,1925.1500,0.7190,0.1606,0.7190
2014-08-04,1938.9900,-0.9690,0.0007,-0.9690
2014-08-05,1920.2100,0.0020,0.0726,0.0020
2014-08-06,1920.2400,-0.5560,0.0881,-0.5560
2014-08-07,1909.5699,1.1530,0.0786,1.1530
2014-08-08,1931.5900,0.2760,-0.0160,-0.2760
2014-08-11,1936.9200,-0.1640,-0.0400,0.1640
2014-08-12,1933.7500,0.6710,0.0371,0.6710
2014-08-13,1946.7200,0.4350,-0.0012,-0.4350
2014-08-14,1955.1801,-0.0060,-0.0268,0.0060
2014-08-15,1955.0601,0.8530,0.0175,0.8530
2014-08-18,1971.7400,0.5000,-0.0224,-0.5000
2014-08-19,1981.6000,0.2480,-0.0408,-0.2480
2014-08-20,1986.5100,0.2950,-0.0042,-0.2950
2014-08-21,1992.3700,-0.1990,0.0051,-0.1990
2014-08-22,1988.4000,0.4790,0.0384,0.4790
2014-08-25,1997.9200,0.1050,0.0145,0.1050
2014-08-26,2000.0200,0.0050,0.0068,0.0050
2014-08-27,2000.1200,-0.1690,0.0333,-0.1690
2014-08-28,1996.7400,0.3320,0.0508,0.3320
2014-08-29,2003.3700,-0.0540,0.0234,-0.0540
2014-09-02,2002.2800,-0.0780,0.0258,-0.0780
2014-09-03,2000.7200,-0.1530,0.0473,-0.1530
2014-09-04,1997.6500,0.5040,0.0538,0.5040
2014-09-05,2007.7100,-0.3070,0.0102,-0.3070
2014-09-08,2001.5400,-0.6550,0.0355,-0.6550
2014-09-09,1988.4399,0.3650,0.1018,0.3650
2014-09-10,1995.6899,0.0880,0.0457,0.0880
2014-09-11,1997.4500,-0.5960,0.0137,-0.5960
2014-09-12,1985.5400,-0.0710,0.0776,-0.0710
2014-09-15,1984.1300,0.7480,0.0742,0.7480
2014-09-16,1998.9800,0.1300,-0.0119,-0.1300
2014-09-17,2001.5699,0.4890,-0.0086,-0.4890
2014-09-18,2011.3600,-0.0480,-0.0029,0.0480
2014-09-19,2010.4000,-0.8010,0.0175,-0.8010
2014-09-22,1994.2900,-0.5780,0.0993,-0.5780
2014-09-23,1982.7700,0.7830,0.1210,0.7830
2014-09-24,1998.3000,-1.6170,0.0114,-1.6170
2014-09-25,1965.9900,0.8580,0.1164,0.8580
2014-09-26,1982.8500,-0.2550,0.0598,-0.2550
2014-09-29,1977.8000,-0.2790,0.0132,-0.2790
2014-09-30,1972.2900,-1.3250,0.0721,-1.3250
2014-10-01,1946.1600,0.0010,0.1485,0.0010
2014-10-02,1946.1700,1.1170,0.1059,1.1170
2014-10-03,1967.9000,-0.1570,-0.0424,0.1570
2014-10-06,1964.8199,-1.5130,-0.0064,1.5130
2014-10-07,1935.1000,1.7460,0.1564,1.7460
2014-10-08,1968.8900,-2.0660,-0.0094,2.0660
2014-10-09,1928.2100,-1.1450,0.1009,-1.1450
2014-10-10,1906.1300,-1.6470,0.2258,-1.6470
2014-10-13,1874.7400,0.1580,0.2143,0.1580
2014-10-14,1877.7000,-0.8100,0.1107,-0.8100
2014-10-15,1862.4900,0.0140,0.0888,0.0140
2014-10-16,1862.7600,1.2880,0.0789,1.2880
2014-10-17,1886.7600,0.9140,-0.0554,-0.9140
2014-10-20,1904.0100,1.9570,-0.0932,-1.9570
2014-10-21,1941.2800,-0.7300,-0.1495,0.7300
2014-10-22,1927.1100,1.2300,-0.0067,-1.2300
2014-10-23,1950.8199,0.7050,-0.0120,-0.7050
2014-10-24,1964.5800,-0.1500,-0.0753,0.1500
2014-10-27,1961.6300,1.1940,0.0144,1.1940
2014-10-28,1985.0500,-0.1390,-0.0395,0.1390
2014-10-29,1982.3000,0.6230,-0.0117,-0.6230
2014-10-30,1994.6500,1.1730,0.0013,1.1730
2014-10-31,2018.0500,-0.0120,-0.0780,0.0120
2014-11-03,2017.8101,-0.2830,-0.0196,0.2830
2014-11-04,2012.1000,0.5700,0.0603,0.5700
2014-11-05,2023.5699,0.3780,0.0120,0.3780
2014-11-06,2031.2100,0.0350,-0.0176,-0.0350
2014-11-07,2031.9200,0.3120,0.0173,0.3120
2014-11-10,2038.2600,0.0700,0.0146,0.0700
2014-11-11,2039.6801,-0.0700,0.0179,-0.0700
2014-11-12,2038.2500,0.0530,0.0405,0.0530
2014-11-13,2039.3300,0.0240,0.0386,0.0240
2014-11-14,2039.8199,0.0740,0.0344,0.0740
2014-11-17,2041.3199,0.5130,0.0323,0.5130
2014-11-18,2051.8000,-0.1500,-0.0020,0.1500
2014-11-19,2048.7200,0.1970,0.0237,0.1970
2014-11-20,2052.7500,0.5240,0.0324,0.5240
2014-11-21,2063.5000,0.2860,-0.0091,-0.2860
2014-11-24,2069.4099,-0.1150,-0.0085,0.1150
2014-11-25,2067.0300,0.2810,0.0328,0.2810
2014-11-26,2072.8301,-0.2540,0.0245,-0.2540
2014-11-28,2067.5601,-0.6830,0.0430,-0.6830
2014-12-01,2053.4399,0.6380,0.1011,0.6380
2014-12-02,2066.5500,0.3760,0.0274,0.3760
2014-12-03,2074.3301,-0.1160,-0.0212,0.1160
2014-12-04,2071.9199,0.1670,0.0284,0.1670
2014-12-05,2075.3701,-0.7260,0.0328,-0.7260
2014-12-08,2060.3101,-0.0240,0.0828,-0.0240
2014-12-09,2059.8201,-1.6350,0.0774,-1.6350
2014-12-10,2026.1400,0.4540,0.1580,0.4540
2014-12-11,2035.3300,-1.6210,0.0893,-1.6210
2014-12-12,2002.3300,-0.6340,0.1328,-0.6340
2014-12-15,1989.6300,-0.8490,0.1666,-0.8490
2014-12-16,1972.7400,2.0350,0.1315,2.0350
2014-12-17,2012.8900,2.4020,-0.0646,-2.4020
2014-12-18,2061.2300,0.4570,-0.2409,-0.4570
2014-12-19,2070.6499,0.3810,-0.1159,-0.3810
2014-12-22,2078.5400,0.1750,-0.0111,-0.1750
2014-12-23,2082.1699,-0.0140,0.0070,-0.0140
2014-12-24,2081.8799,0.3310,0.0311,0.3310
2014-12-26,2088.7700,0.0860,0.0157,0.0860
2014-12-29,2090.5701,-0.4890,0.0158,-0.4890
2014-12-30,2080.3501,-1.0310,0.0699,-1.0310
2014-12-31,2058.8999,-0.0340,0.1379,-0.0340
2015-01-02,2058.2000,-1.8280,0.0957,-1.8280
2015-01-05,2020.5800,-0.8890,0.1730,-0.8890
2015-01-06,2002.6100,1.1630,0.1980,1.1630
2015-01-07,2025.9000,1.7890,0.0000,1.7890
2015-01-08,2062.1399,-0.8400,-0.1494,0.8400
2015-01-09,2044.8101,-0.8090,0.0142,-0.8090
2015-01-12,2028.2600,-0.2580,0.1460,-0.2580
2015-01-13,2023.0300,-0.5810,0.0997,-0.5810
2015-01-14,2011.2700,-0.9250,0.0950,-0.9250
2015-01-15,1992.6700,1.3420,0.1371,1.3420
2015-01-16,2019.4200,0.1550,-0.0084,-0.1550
2015-01-20,2022.5500,0.4730,-0.0399,-0.4730
2015-01-21,2032.1200,1.5270,0.0024,1.5270
2015-01-22,2063.1499,-0.5490,-0.0925,0.5490
2015-01-23,2051.8201,0.2570,0.0048,0.2570
2015-01-26,2057.0901,-1.3390,0.0543,-1.3390
2015-01-27,2029.5500,-1.3500,0.1241,-1.3500
2015-01-28,2002.1600,0.9530,0.2067,0.9530
2015-01-29,2021.2500,-1.2990,0.0397,-1.2990
2015-01-30,1994.9900,1.2960,0.0846,1.2960
2015-02-02,2020.8500,1.4440,0.0173,1.4440
2015-02-03,2050.0300,-0.4160,-0.1321,0.4160
2015-02-04,2041.5100,1.0290,0.0010,1.0290
2015-02-05,2062.5200,-0.3420,-0.0081,0.3420
2015-02-06,2055.4700,-0.4250,0.0132,-0.4250
2015-02-09,2046.7400,1.0680,0.0917,1.0680
2015-02-10,2068.5901,-0.0030,-0.0140,0.0030
2015-02-11,2068.5300,0.9640,-0.0134,-0.9640
2015-02-12,2088.4800,0.4070,-0.0255,-0.4070
2015-02-13,2096.9900,0.1600,-0.0370,-0.1600
2015-02-17,2100.3401,-0.0310,0.0113,-0.0310
2015-02-18,2099.6799,-0.1060,0.0366,-0.1060
2015-02-19,2097.4500,0.6130,0.0513,0.6130
2015-02-20,2110.3000,-0.0300,0.0029,-0.0300
2015-02-23,2109.6599,0.2760,0.0124,0.2760
2015-02-24,2115.4800,-0.0770,0.0246,-0.0770
2015-02-25,2113.8601,-0.1480,0.0331,-0.1480
2015-02-26,2110.7400,-0.2960,0.0568,-0.2960
2015-02-27,2104.5000,0.6120,0.0703,0.6120
2015-03-02,2117.3899,-0.4540,0.0124,-0.4540
2015-03-03,2107.7800,-0.4390,0.0427,-0.4390
2015-03-04,2098.5300,0.1200,0.0976,0.1200
2015-03-05,2101.0400,-1.4170,0.0545,-1.4170
2015-03-06,2071.2600,0.3940,0.1369,0.3940
2015-03-09,2079.4299,-1.6960,0.0860,-1.6960
2015-03-10,2044.1600,-0.1920,0.1413,-0.1920
2015-03-11,2040.2400,1.2600,0.1426,1.2600
2015-03-12,2065.9500,-0.6070,-0.0427,0.6070
2015-03-13,2053.3999,1.3530,0.0212,1.3530
2015-03-16,2081.1899,-0.3320,-0.0219,0.3320
2015-03-17,2074.2800,1.2160,-0.0044,-1.2160
2015-03-18,2099.5000,-0.4870,-0.0260,0.4870
2015-03-19,2089.2700,0.9010,0.0144,0.9010
2015-03-20,2108.1001,-0.1750,0.0043,-0.1750
2015-03-23,2104.4199,-0.6140,0.0074,-0.6140
2015-03-24,2091.5000,-1.4560,0.0966,-1.4560
2015-03-25,2061.0500,-0.2380,0.1771,-0.2380
2015-03-26,2056.1499,0.2370,0.1316,0.2370
2015-03-27,2061.0200,1.2240,0.0338,1.2240
2015-03-30,2086.2400,-0.8800,-0.0592,0.8800
2015-03-31,2067.8899,-0.3970,0.0437,-0.3970
2015-04-01,2059.6899,0.3530,0.1173,0.3530
2015-04-02,2066.9600,0.6610,0.0348,0.6610
2015-04-06,2080.6201,-0.2060,-0.0248,0.2060
2015-04-07,2076.3301,0.2680,0.0236,0.2680
2015-04-08,2081.8999,0.4460,0.0342,0.4460
2015-04-09,2091.1799,0.5200,-0.0046,-0.5200
2015-04-10,2102.0601,-0.4580,-0.0181,0.4580
2015-04-13,2092.4299,0.1630,0.0492,0.1630
2015-04-14,2095.8401,0.5150,0.0544,0.5150
2015-04-15,2106.6299,-0.0780,-0.0047,0.0780
2015-04-16,2104.9900,-1.1310,0.0214,-1.1310
2015-04-17,2081.1799,0.9240,0.1281,0.9240
2015-04-20,2100.3999,-0.1480,0.0332,-0.1480
2015-04-21,2097.2900,0.5090,0.0030,0.5090
2015-04-22,2107.9600,0.2360,0.0145,0.2360
2015-04-23,2112.9299,0.2250,-0.0016,-0.2250
2015-04-24,2117.6899,-0.4140,0.0144,-0.4140
2015-04-27,2108.9199,0.2770,0.0606,0.2770
2015-04-28,2114.7600,-0.3740,0.0434,-0.3740
2015-04-29,2106.8501,-1.0130,0.0537,-1.0130
2015-04-30,2085.5100,1.0920,0.1341,1.0920
2015-05-01,2108.2900,0.2940,0.0144,0.2940
2015-05-04,2114.4900,-1.1840,-0.0374,1.1840
2015-05-05,2089.4600,-0.4460,0.1143,-0.4460
2015-05-06,2080.1499,0.3770,0.1344,0.3770
2015-05-07,2088.0000,1.3460,0.0349,1.3460
2015-05-08,2116.1001,-0.5090,-0.0757,0.5090
2015-05-11,2105.3301,-0.2950,0.0109,-0.2950
2015-05-12,2099.1201,-0.0300,0.0915,-0.0300
2015-05-13,2098.4800,1.0780,0.0579,1.0780
2015-05-14,2121.1001,0.0770,-0.0350,-0.0770
2015-05-15,2122.7300,0.3050,-0.0189,-0.3050
2015-05-18,2129.2000,-0.0640,0.0180,-0.0640
2015-05-19,2127.8301,-0.0930,0.0310,-0.0930
2015-05-20,2125.8501,0.2340,0.0523,0.2340
2015-05-21,2130.8201,-0.2230,0.0295,-0.2230
2015-05-22,2126.0601,-1.0280,0.0457,-1.0280
2015-05-26,2104.2000,0.9160,0.1275,0.9160
2015-05-27,2123.4800,-0.1270,0.0281,-0.1270
2015-05-28,2120.7900,-0.6320,0.0021,-0.6320
2015-05-29,2107.3899,0.2060,0.0955,0.2060
2015-06-01,2111.7300,-0.1010,0.0589,-0.1010
2015-06-02,2109.6001,0.2120,0.0372,0.2120
2015-06-03,2114.0701,-0.8620,0.0320,-0.8620
2015-06-04,2095.8401,-0.1440,0.0929,-0.1440
2015-06-05,2092.8301,-0.6470,0.0963,-0.6470
2015-06-08,2079.2800,0.0420,0.0939,0.0420
2015-06-09,2080.1499,1.2040,0.0714,1.2040
2015-06-10,2105.2000,0.1740,-0.0486,-0.1740
2015-06-11,2108.8601,-0.6990,-0.0322,0.6990
2015-06-12,2094.1101,-0.4620,0.0857,-0.4620
2015-06-15,2084.4299,0.5690,0.1108,0.5690
2015-06-16,2096.2900,0.1980,0.0230,0.1980
2015-06-17,2100.4399,0.9900,-0.0026,-0.9900
2015-06-18,2121.2400,-0.5300,-0.0387,0.5300
2015-06-19,2109.9900,0.6090,0.0301,0.6090
2015-06-22,2122.8501,0.0640,0.0270,0.0640
2015-06-23,2124.2000,-0.7350,0.0049,-0.7350
2015-06-24,2108.5801,-0.2970,0.0927,-0.2970
2015-06-25,2102.3101,-0.0390,0.1006,-0.0390
2015-06-26,2101.4900,-2.0870,0.0582,-2.0870
2015-06-29,2057.6399,0.2660,0.1934,0.2660
2015-06-30,2063.1101,0.6940,0.1291,0.6940
2015-07-01,2077.4199,-0.0310,-0.0262,0.0310
2015-07-02,2076.7800,-0.3860,0.0091,-0.3860
2015-07-06,2068.7600,0.6080,0.0725,0.6080
2015-07-07,2081.3401,-1.6650,0.0176,-1.6650
2015-07-08,2046.6801,0.2260,0.1304,0.2260
2015-07-09,2051.3101,1.2340,0.1117,1.2340
2015-07-10,2076.6201,1.1070,-0.0623,-1.1070
2015-07-13,2099.6001,0.4450,-0.1011,-0.4450
2015-07-14,2108.9500,-0.0730,-0.0445,0.0730
2015-07-15,2107.3999,0.8010,0.0266,0.8010
2015-07-16,2124.2900,0.1110,-0.0114,-0.1110
2015-07-17,2126.6399,0.0770,-0.0073,-0.0770
2015-07-20,2128.2800,-0.4260,0.0321,-0.4260
2015-07-21,2119.2100,-0.2390,0.0687,-0.2390
2015-07-22,2114.1499,-0.5680,0.0807,-0.5680
2015-07-23,2102.1499,-1.0700,0.0938,-1.0700
2015-07-24,2079.6499,-0.5780,0.1469,-0.5780
2015-07-27,2067.6399,1.2390,0.1364,1.2390
2015-07-28,2093.2500,0.7320,-0.0199,-0.7320
2015-07-29,2108.5701,0.0030,-0.0758,-0.0030
2015-07-30,2108.6299,-0.2270,0.0067,-0.2270
2015-07-31,2103.8401,-0.2760,0.0594,-0.2760
2015-08-03,2098.0400,-0.2250,0.0731,-0.2250
2015-08-04,2093.3201,0.3110,0.0714,0.3110
2015-08-05,2099.8401,-0.7750,0.0302,-0.7750
2015-08-06,2083.5601,-0.2870,0.0813,-0.2870
2015-08-07,2077.5701,1.2810,0.1024,1.2810
2015-08-10,2104.1799,-0.9560,-0.0373,0.9560
2015-08-11,2084.0701,0.0950,0.0453,0.0950
2015-08-12,2086.0500,-0.1280,0.0862,-0.1280
2015-08-13,2083.3899,0.3910,0.0441,0.3910
2015-08-14,2091.5400,0.5210,0.0202,0.5210
2015-08-17,2102.4399,-0.2630,-0.0162,0.2630
2015-08-18,2096.9199,-0.8250,0.0349,-0.8250
2015-08-19,2079.6101,-2.1100,0.1155,-2.1100
2015-08-20,2035.7300,-3.1850,0.2344,-3.1850
2015-08-21,1970.8900,-3.9410,0.3737,-3.9410
2015-08-24,1893.2100,-1.3520,0.4776,-1.3520
2015-08-25,1867.6100,3.9030,0.3311,3.9030
2015-08-26,1940.5100,2.4300,-0.1761,-2.4300
2015-08-27,1987.6600,0.0610,-0.3400,-0.0610
2015-08-28,1988.8700,-0.8390,-0.0785,0.8390
2015-08-31,1972.1801,-2.9580,0.1040,-2.9580
2015-09-01,1913.8500,1.8290,0.2964,1.8290
2015-09-02,1948.8600,0.1160,0.0617,0.1160
2015-09-03,1951.1300,-1.5330,-0.0662,1.5330
2015-09-04,1921.2200,2.5080,0.1499,2.5080
2015-09-08,1969.4100,-1.3900,-0.0587,1.3900
2015-09-09,1942.0400,0.5280,0.0126,0.5280
2015-09-10,1952.2900,0.4490,0.0799,0.4490
2015-09-11,1961.0500,-0.4090,-0.0205,0.4090
2015-09-14,1953.0300,1.2830,0.0494,1.2830
2015-09-15,1978.0900,0.8710,-0.0287,-0.8710
2015-09-16,1995.3101,-0.2560,-0.0878,0.2560
2015-09-17,1990.2000,-1.6160,0.0185,-1.6160
2015-09-18,1958.0300,0.4570,0.1727,0.4570
2015-09-21,1966.9700,-1.2320,0.0910,-1.2320
2015-09-22,1942.7400,-0.2050,0.1042,-0.2050
2015-09-23,1938.7600,-0.3360,0.1200,-0.3360
2015-09-24,1932.2400,-0.0470,0.0738,-0.0470
2015-09-25,1931.3400,-2.5670,0.0618,-2.5670
2015-09-28,1881.7700,0.1230,0.2282,0.1230
2015-09-29,1884.0900,1.9080,0.1637,1.9080
2015-09-30,1920.0300,0.1970,-0.1075,-0.1970
2015-10-01,1923.8199,1.4320,-0.0697,-1.4320
2015-10-02,1951.3600,1.8290,-0.0677,-1.8290
2015-10-05,1987.0500,-0.3590,-0.1639,0.3590
2015-10-06,1979.9200,0.8040,-0.0224,-0.8040
2015-10-07,1995.8300,0.8820,0.0060,0.8820
2015-10-08,2013.4301,0.0730,-0.0639,-0.0730
2015-10-09,2014.8900,0.1280,-0.0069,-0.1280
2015-10-12,2017.4600,-0.6830,0.0306,-0.6830
2015-10-13,2003.6899,-0.4720,0.0845,-0.4720
2015-10-14,1994.2400,1.4850,0.1105,1.4850
2015-10-15,2023.8600,0.4570,-0.0423,-0.4570
2015-10-16,2033.1100,0.0270,-0.0683,-0.0270
2015-10-19,2033.6600,-0.1420,0.0195,-0.1420
2015-10-20,2030.7700,-0.5830,0.0515,-0.5830
2015-10-21,2018.9399,1.6630,0.0909,1.6630
2015-10-22,2052.5100,1.1030,-0.0482,-1.1030
2015-10-23,2075.1499,-0.1910,-0.1247,0.1910
2015-10-26,2071.1799,-0.2550,0.0028,-0.2550
2015-10-27,2065.8899,1.1840,0.0720,1.1840
2015-10-28,2090.3501,-0.0450,-0.0308,0.0450
2015-10-29,2089.4099,-0.4810,-0.0159,0.4810
2015-10-30,2079.3601,1.1870,0.0810,1.1870
2015-11-02,2104.0500,0.2730,-0.0191,-0.2730
2015-11-03,2109.7900,-0.3550,-0.0396,0.3550
2015-11-04,2102.3101,-0.1130,0.0558,-0.1130
2015-11-05,2099.9299,-0.0350,0.0684,-0.0350
2015-11-06,2099.2000,-0.9820,0.0492,-0.9820
2015-11-09,2078.5801,0.1510,0.1140,0.1510
2015-11-10,2081.7200,-0.3230,0.0809,-0.3230
2015-11-11,2075.0000,-1.3990,0.0553,-1.3990
2015-11-12,2045.9700,-1.1210,0.1590,-1.1210
2015-11-13,2023.0400,1.4900,0.1923,1.4900
2015-11-16,2053.1899,-0.1340,-0.0106,0.1340
2015-11-17,2050.4399,1.6160,-0.0268,-1.6160
2015-11-18,2083.5801,-0.1120,-0.0647,0.1120
2015-11-19,2081.2400,0.3810,-0.0328,-0.3810
2015-11-20,2089.1699,-0.1230,0.0233,-0.1230
2015-11-23,2086.5901,0.1220,0.0310,0.1220
2015-11-24,2089.1399,-0.0130,0.0400,-0.0130
2015-11-25,2088.8701,0.0590,0.0361,0.0590
2015-11-27,2090.1101,-0.4640,0.0383,-0.4640
2015-11-30,2080.4099,1.0680,0.0721,1.0680
2015-12-01,2102.6299,-1.1000,-0.0112,1.1000
2015-12-02,2079.5100,-1.4370,0.0661,-1.4370
2015-12-03,2049.6201,2.0530,0.2026,2.0530
2015-12-04,2091.6899,-0.6990,-0.0337,0.6990
2015-12-07,2077.0701,-0.6490,-0.0148,0.6490
2015-12-08,2063.5901,-0.7740,0.1279,-0.7740
2015-12-09,2047.6200,0.2250,0.1289,0.2250
2015-12-10,2052.2300,-1.9420,0.0637,-1.9420
2015-12-11,2012.3700,0.4760,0.1688,0.4760
2015-12-14,2021.9399,1.0620,0.1073,1.0620
2015-12-15,2043.4100,1.4510,-0.0633,-1.4510
2015-12-16,2073.0701,-1.5040,-0.1168,1.5040
2015-12-17,2041.8900,-1.7800,0.0793,-1.7800
2015-12-18,2005.5500,0.7780,0.2480,0.7780
2015-12-21,2021.1500,0.8820,0.0740,0.8820
2015-12-22,2038.9700,1.2420,-0.0655,-1.2420
2015-12-23,2064.2900,-0.1600,-0.0917,0.1600
2015-12-24,2060.9900,-0.2180,-0.0082,0.2180
2015-12-28,2056.5000,1.0630,0.0680,1.0630
2015-12-29,2078.3601,-0.7220,-0.0240,0.7220
2015-12-30,2063.3601,-0.9410,0.0395,-0.9410
2015-12-31,2043.9399,-1.5300,0.1480,-1.5300
2016-01-04,2012.6600,0.2010,0.1881,0.2010
2016-01-05,2016.7100,-1.3120,0.1005,-1.3120
2016-01-06,1990.2600,-2.3700,0.1138,-2.3700
2016-01-07,1943.0900,-1.0840,0.2649,-1.0840
2016-01-08,1922.0300,0.0850,0.2311,0.0850
2016-01-11,1923.6700,0.7800,0.0842,0.7800
2016-01-12,1938.6801,-2.4970,-0.0241,2.4970
2016-01-13,1890.2800,1.6700,0.1668,1.6700
2016-01-14,1921.8400,-2.1600,0.0529,-2.1600
2016-01-15,1880.3300,0.0530,0.0967,0.0530
2016-01-19,1881.3300,-1.1690,0.1449,-1.1690
2016-01-20,1859.3300,0.5200,0.1113,0.5200
2016-01-21,1868.9900,2.0280,0.0604,2.0280
2016-01-22,1906.9000,-1.5640,-0.1332,1.5640
2016-01-25,1877.0800,1.4140,0.0383,1.4140
2016-01-26,1903.6300,-1.0860,0.0213,-1.0860
2016-01-27,1882.9500,0.5530,0.0355,0.5530
2016-01-28,1893.3600,2.4760,0.0545,2.4760
2016-01-29,1940.2400,-0.0440,-0.1659,0.0440
2016-02-01,1939.3800,-1.8740,-0.0912,1.8740
2016-02-02,1903.0300,0.4990,0.1673,0.4990
2016-02-03,1912.5300,0.1530,0.0988,0.1530
2016-02-04,1915.4500,-1.8480,-0.0029,1.8480
2016-02-05,1880.0500,-1.4150,0.1544,-1.4150
2016-02-08,1853.4399,-0.0660,0.2274,-0.0660
2016-02-09,1852.2100,-0.0190,0.1122,-0.0190
2016-02-10,1851.8600,-1.2300,0.0387,-1.2300
2016-02-11,1829.0800,1.9520,0.1203,1.9520
2016-02-12,1864.7800,1.6520,-0.0341,-1.6520
2016-02-16,1895.5800,1.6480,-0.1833,-1.6480
2016-02-17,1926.8199,-0.4670,-0.1653,0.4670
2016-02-18,1917.8300,-0.0030,-0.0180,0.0030
2016-02-19,1917.7800,1.4450,0.0602,1.4450
2016-02-22,1945.5000,-1.2450,-0.0649,1.2450
2016-02-23,1921.2700,0.4440,0.0458,0.4440
2016-02-24,1929.8000,1.1350,0.0703,1.1350
2016-02-25,1951.7000,-0.1870,-0.0675,0.1870
2016-02-26,1948.0500,-0.8120,-0.0114,0.8120
2016-02-29,1932.2300,2.3870,0.1009,2.3870
2016-03-01,1978.3500,0.4090,-0.0862,-0.4090
2016-03-02,1986.4500,0.3500,-0.1192,-0.3500
2016-03-03,1993.4000,0.3310,-0.0095,-0.3310
2016-03-04,1999.9900,0.0890,-0.0062,-0.0890
2016-03-07,2001.7600,-1.1240,0.0115,-1.1240
2016-03-08,1979.2600,0.5050,0.1077,0.5050
2016-03-09,1989.2600,0.0160,0.0590,0.0160
2016-03-10,1989.5699,1.6400,0.0066,1.6400
2016-03-11,2022.1899,-0.1260,-0.0787,0.1260
2016-03-14,2019.6400,-0.1840,-0.0422,0.1840
2016-03-15,2015.9301,0.5600,0.0548,0.5600
2016-03-16,2027.2200,0.6600,0.0058,0.6600
2016-03-17,2040.5900,0.4410,-0.0402,-0.4410
2016-03-18,2049.5801,0.0990,-0.0299,-0.0990
2016-03-21,2051.6001,-0.0880,0.0053,-0.0880
2016-03-22,2049.8000,-0.6390,0.0359,-0.6390
2016-03-23,2036.7100,-0.0380,0.0833,-0.0380
2016-03-24,2035.9399,0.0550,0.0706,0.0550
2016-03-28,2037.0500,0.8820,0.0326,0.8820
2016-03-29,2055.0100,0.4350,-0.0289,-0.4350
2016-03-30,2063.9500,-0.2040,-0.0415,0.2040
2016-03-31,2059.7400,0.6330,0.0266,0.6330
2016-04-01,2072.7800,-0.3210,0.0021,-0.3210
2016-04-04,2066.1299,-1.0140,0.0237,-1.0140
2016-04-05,2045.1700,1.0510,0.1215,1.0510
2016-04-06,2066.6599,-1.1980,0.0158,-1.1980
2016-04-07,2041.9100,0.2790,0.0623,0.2790
2016-04-08,2047.6000,-0.2740,0.0789,-0.2740
2016-04-11,2041.9900,0.9660,0.0384,0.9660
2016-04-12,2061.7200,1.0040,-0.0172,-1.0040
2016-04-13,2082.4199,0.0170,-0.0855,-0.0170
2016-04-14,2082.7800,-0.0980,-0.0184,0.0980
2016-04-15,2080.7300,0.6540,0.0411,0.6540
2016-04-18,2094.3401,0.3080,-0.0051,-0.3080
2016-04-19,2100.8000,0.0760,-0.0209,-0.0760
2016-04-20,2102.3999,-0.5190,0.0137,-0.5190
2016-04-21,2091.4800,0.0050,0.0667,0.0050
2016-04-22,2091.5801,-0.1810,0.0616,-0.1810
2016-04-25,2087.7900,0.1870,0.0467,0.1870
2016-04-26,2091.7000,0.1650,0.0313,0.1650
2016-04-27,2095.1499,-0.9230,0.0135,-0.9230
2016-04-28,2075.8101,-0.5060,0.0898,-0.5060
2016-04-29,2065.3000,0.7810,0.1176,0.7810
2016-05-02,2081.4299,-0.8680,0.0071,-0.8680
2016-05-03,2063.3701,-0.5940,0.0537,-0.5940
2016-05-04,2051.1201,-0.0240,0.1211,-0.0240
2016-05-05,2050.6299,0.3170,0.0669,0.3170
2016-05-06,2057.1399,0.0750,0.0138,0.0750
2016-05-09,2058.6899,1.2480,0.0129,1.2480
2016-05-10,2084.3899,-0.9560,-0.0550,0.9560
2016-05-11,2064.4600,-0.0170,0.0360,-0.0170
2016-05-12,2064.1101,-0.8480,0.0865,-0.8480
2016-05-13,2046.6100,0.9800,0.0934,0.9800
2016-05-16,2066.6599,-0.9410,0.0120,-0.9410
2016-05-17,2047.2100,0.0210,0.0483,0.0210
2016-05-18,2047.6300,-0.3710,0.0830,-0.3710
2016-05-19,2040.0400,0.6020,0.0586,0.6020
2016-05-20,2052.3201,-0.2090,0.0128,-0.2090
2016-05-23,2048.0400,1.3680,0.0175,1.3680
2016-05-24,2076.0601,0.6970,-0.0481,-0.6970
2016-05-25,2090.5400,-0.0210,-0.0854,0.0210
2016-05-26,2090.1001,0.4290,0.0005,0.4290
2016-05-27,2099.0601,-0.1010,0.0067,-0.1010
2016-05-31,2096.9500,0.1140,0.0192,0.1140
2016-06-01,2099.3301,0.2820,0.0324,0.2820
2016-06-02,2105.2600,-0.2910,0.0093,-0.2910
2016-06-03,2099.1299,0.4900,0.0401,0.4900
2016-06-06,2109.4099,0.1290,0.0165,0.1290
2016-06-07,2112.1299,0.3310,0.0001,0.3310
2016-06-08,2119.1201,-0.1720,0.0054,-0.1720
2016-06-09,2115.4800,-0.9180,0.0293,-0.9180
2016-06-10,2096.0701,-0.8120,0.1069,-0.8120
2016-06-13,2079.0601,-0.1800,0.1380,-0.1800
2016-06-14,2075.3201,-0.1840,0.0889,-0.1840
2016-06-15,2071.5000,0.3130,0.0563,0.3130
2016-06-16,2077.9900,-0.3260,0.0227,-0.3260
2016-06-17,2071.2200,0.5810,0.0407,0.5810
2016-06-20,2083.2500,0.2710,0.0120,0.2710
2016-06-21,2088.8999,-0.1650,-0.0146,0.1650
2016-06-22,2085.4500,1.3360,0.0323,1.3360
2016-06-23,2113.3201,-3.5920,-0.0484,3.5920
2016-06-24,2037.4100,-1.8100,0.2145,-1.8100
2016-06-27,2000.5400,1.7770,0.3443,1.7770
2016-06-28,2036.0900,1.7030,0.0067,1.7030
2016-06-29,2070.7700,1.3570,-0.1780,-1.3570
2016-06-30,2098.8601,0.1950,-0.1478,-0.1950
2016-07-01,2102.9500,-0.6850,-0.0488,0.6850
2016-07-05,2088.5500,0.5350,0.0725,0.5350
2016-07-06,2099.7300,-0.0870,0.0340,-0.0870
2016-07-07,2097.8999,1.5250,0.0124,1.5250
2016-07-08,2129.8999,0.3410,-0.0653,-0.3410
2016-07-11,2137.1599,0.7010,-0.0688,-0.7010
2016-07-12,2152.1399,0.0130,-0.0306,-0.0130
2016-07-13,2152.4299,0.5260,-0.0027,-0.5260
2016-07-14,2163.7500,-0.0930,-0.0018,0.0930
2016-07-15,2161.7400,0.2380,0.0137,0.2380
2016-07-18,2166.8899,-0.1440,0.0235,-0.1440
2016-07-19,2163.7800,0.4270,0.0321,0.4270
2016-07-20,2173.0200,-0.3610,0.0130,-0.3610
2016-07-21,2165.1699,0.4550,0.0373,0.4550
2016-07-22,2175.0300,-0.3010,0.0226,-0.3010
2016-07-25,2168.4800,0.0320,0.0315,0.0320
2016-07-26,2169.1799,-0.1200,0.0485,-0.1200
2016-07-27,2166.5801,0.1610,0.0411,0.1610
2016-07-28,2170.0601,0.1630,0.0300,0.1630
2016-07-29,2173.6001,-0.1270,0.0150,-0.1270
2016-08-01,2170.8401,-0.6360,0.0350,-0.6360
2016-08-02,2157.0300,0.3130,0.0852,0.3130
2016-08-03,2163.7900,0.0210,0.0464,0.0210
2016-08-04,2164.2500,0.8600,0.0165,0.8600
2016-08-05,2182.8701,-0.0910,-0.0254,0.0910
2016-08-08,2180.8899,0.0390,-0.0039,-0.0390
2016-08-09,2181.7400,-0.2860,0.0372,-0.2860
2016-08-10,2175.4900,0.4730,0.0524,0.4730
2016-08-11,2185.7900,-0.0800,0.0172,-0.0800
2016-08-12,2184.0500,0.2790,0.0153,0.2790
2016-08-15,2190.1499,-0.5480,0.0199,-0.5480
2016-08-16,2178.1499,0.1870,0.0579,0.1870
2016-08-17,2182.2200,0.2200,0.0507,0.2200
2016-08-18,2187.0200,-0.1440,0.0095,-0.1440
2016-08-19,2183.8701,-0.0560,0.0333,-0.0560
2016-08-22,2182.6399,0.1950,0.0462,0.1950
2016-08-23,2186.8999,-0.5240,0.0242,-0.5240
2016-08-24,2175.4399,-0.1370,0.0606,-0.1370
2016-08-25,2172.4700,-0.1580,0.0716,-0.1580
2016-08-26,2169.0400,0.5230,0.0524,0.5230
2016-08-29,2180.3799,-0.1950,0.0070,-0.1950
2016-08-30,2176.1201,-0.2380,0.0208,-0.2380
2016-08-31,2170.9500,-0.0040,0.0615,-0.0040
2016-09-01,2170.8601,0.4200,0.0473,0.4200
2016-09-02,2179.9800,0.2980,0.0059,0.2980
2016-09-06,2186.4800,-0.0150,-0.0078,0.0150
2016-09-07,2186.1599,-0.2220,0.0204,-0.2220
2016-09-08,2181.3000,-2.4520,0.0509,-2.4520
2016-09-09,2127.8101,1.4680,0.2148,1.4680
2016-09-12,2159.0400,-1.4830,0.0636,-1.4830
2016-09-13,2127.0200,-0.0590,0.0599,-0.0590
2016-09-14,2125.7700,1.0110,0.1170,1.0110
2016-09-15,2147.2600,-0.3770,-0.0326,0.3770
2016-09-16,2139.1599,-0.0020,0.0080,-0.0020
2016-09-19,2139.1201,0.0300,0.0551,0.0300
2016-09-20,2139.7600,1.0920,0.0325,1.0920
2016-09-21,2163.1201,0.6500,-0.0420,-0.6500
2016-09-22,2177.1799,-0.5740,-0.0674,0.5740
2016-09-23,2164.6899,-0.8590,0.0410,-0.8590
2016-09-26,2146.1001,0.6440,0.1239,0.6440
2016-09-27,2159.9299,0.5300,0.0352,0.5300
2016-09-28,2171.3701,-0.9320,-0.0361,0.9320
2016-09-29,2151.1299,0.7970,0.0718,0.7970
2016-09-30,2168.2700,-0.3260,0.0293,-0.3260
2016-10-03,2161.2000,-0.4960,0.0151,-0.4960
2016-10-04,2150.4900,0.4300,0.0862,0.4300
2016-10-05,2159.7300,0.0480,0.0310,0.0480
2016-10-06,2160.7700,-0.3250,0.0087,-0.3250
2016-10-07,2153.7400,0.4610,0.0548,0.4610
2016-10-10,2163.6599,-1.2450,0.0201,-1.2450
2016-10-11,2136.7300,0.1150,0.0964,0.1150
2016-10-12,2139.1799,-0.3100,0.0922,-0.3100
2016-10-13,2132.5500,0.0200,0.0494,0.0200
2016-10-14,2132.9800,-0.3040,0.0496,-0.3040
2016-10-17,2126.5000,0.6160,0.0544,0.6160
2016-10-18,2139.6001,0.2190,0.0083,0.2190
2016-10-19,2144.2900,-0.1380,-0.0128,0.1380
2016-10-20,2141.3401,-0.0080,0.0331,-0.0080
2016-10-21,2141.1599,0.4750,0.0426,0.4750
2016-10-24,2151.3301,-0.3800,0.0024,-0.3800
2016-10-25,2143.1599,-0.1740,0.0361,-0.1740
2016-10-26,2139.4299,-0.2990,0.0668,-0.2990
2016-10-27,2133.0400,-0.3110,0.0641,-0.3110
2016-10-28,2126.4099,-0.0120,0.0716,-0.0120
2016-10-31,2126.1499,-0.6790,0.0516,-0.6790
2016-11-01,2111.7200,-0.6530,0.0819,-0.6530
2016-11-02,2097.9399,-0.4420,0.1149,-0.4420
2016-11-03,2088.6599,-0.1670,0.0987,-0.1670
2016-11-04,2085.1799,2.2220,0.0689,2.2220
2016-11-07,2131.5200,0.3770,-0.1096,-0.3770
2016-11-08,2139.5601,1.1080,-0.1079,-1.1080
2016-11-09,2163.2600,0.1950,-0.0602,-0.1950
2016-11-10,2167.4800,-0.1400,-0.0365,0.1400
2016-11-11,2164.4500,-0.0120,0.0348,-0.0120
2016-11-14,2164.2000,0.7480,0.0429,0.7480
2016-11-15,2180.3899,-0.1580,-0.0162,0.1580
2016-11-16,2176.9399,0.4680,0.0066,0.4680
2016-11-17,2187.1201,-0.2390,0.0112,-0.2390
2016-11-18,2181.8999,0.7460,0.0267,0.7460
2016-11-21,2198.1799,0.2170,-0.0038,-0.2170
2016-11-22,2202.9399,0.0810,-0.0194,-0.0810
2016-11-23,2204.7200,0.3910,0.0182,0.3910
2016-11-25,2213.3501,-0.5250,0.0037,-0.5250
2016-11-28,2201.7200,0.1340,0.0506,0.1340
2016-11-29,2204.6599,-0.2650,0.0532,-0.2650
2016-11-30,2198.8101,-0.3520,0.0457,-0.3520
2016-12-01,2191.0801,0.0400,0.0728,0.0400
2016-12-02,2191.9500,0.5820,0.0502,0.5820
2016-12-05,2204.7100,0.3410,-0.0076,-0.3410
2016-12-06,2212.2300,1.3160,-0.0193,-1.3160
2016-12-07,2241.3501,0.2160,-0.0736,-0.2160
2016-12-08,2246.1899,0.5940,-0.0489,-0.5940
2016-12-09,2259.5300,-0.1140,-0.0168,0.1140
2016-12-12,2256.9600,0.6540,0.0117,0.6540
2016-12-13,2271.7200,-0.8120,-0.0040,0.8120
2016-12-14,2253.2800,0.3880,0.0566,0.3880
2016-12-15,2262.0300,-0.1750,0.0509,-0.1750
2016-12-16,2258.0701,0.1980,0.0261,0.1980
2016-12-19,2262.5300,0.3640,0.0305,0.3640
2016-12-20,2270.7600,-0.2460,-0.0008,0.2460
2016-12-21,2265.1799,-0.1860,0.0328,-0.1860
2016-12-22,2260.9600,0.1250,0.0606,0.1250
2016-12-23,2263.7900,0.2250,0.0357,0.2250
2016-12-27,2268.8799,-0.8360,0.0126,-0.8360
2016-12-28,2249.9199,-0.0290,0.0807,-0.0290
2016-12-29,2249.2600,-0.4640,0.0805,-0.4640
2016-12-30,2238.8301,0.8490,0.0677,0.8490
2017-01-03,2257.8301,0.5720,-0.0044,-0.5720
2017-01-04,2270.7500,-0.0770,-0.0543,0.0770
2017-01-05,2269.0000,0.3520,0.0099,0.3520
2017-01-06,2276.9800,-0.3550,0.0123,-0.3550
2017-01-09,2268.8999,0.0000,0.0411,0.0000
2017-01-10,2268.8999,0.2830,0.0527,0.2830
2017-01-11,2275.3201,-0.2140,0.0123,-0.2140
2017-01-12,2270.4399,0.1850,0.0344,0.1850
2017-01-13,2274.6399,-0.2970,0.0315,-0.2970
2017-01-17,2267.8899,0.1760,0.0455,0.1760
2017-01-18,2271.8899,-0.3610,0.0364,-0.3610
2017-01-19,2263.6899,0.3370,0.0506,0.3370
2017-01-20,2271.3101,-0.2690,0.0280,-0.2690
2017-01-23,2265.2000,0.6560,0.0352,0.6560
2017-01-24,2280.0701,0.8030,-0.0002,-0.8030
2017-01-25,2298.3701,-0.0740,-0.0610,0.0740
2017-01-26,2296.6799,-0.0870,-0.0027,0.0870
2017-01-27,2294.6899,-0.6010,0.0447,-0.6010
2017-01-30,2280.8999,-0.0890,0.0824,-0.0890
2017-01-31,2278.8701,0.0300,0.0718,0.0300
2017-02-01,2279.5500,0.0570,0.0354,0.0570
2017-02-02,2280.8501,0.7260,0.0276,0.7260
2017-02-03,2297.4199,-0.2120,-0.0231,0.2120
2017-02-06,2292.5601,0.0230,0.0109,0.0230
2017-02-07,2293.0801,0.0690,0.0438,0.0690
2017-02-08,2294.6699,0.5750,0.0270,0.5750
2017-02-09,2307.8701,0.3570,-0.0126,-0.3570
2017-02-10,2316.1001,0.5250,-0.0232,-0.5250
2017-02-13,2328.2500,0.4010,-0.0235,-0.4010
2017-02-14,2337.5801,0.4990,-0.0235,-0.4990
2017-02-15,2349.2500,-0.0860,-0.0240,0.0860
2017-02-16,2347.2200,0.1680,0.0140,0.1680
2017-02-17,2351.1599,0.6050,0.0263,0.6050
2017-02-21,2365.3799,-0.1080,-0.0201,0.1080
2017-02-22,2362.8201,0.0420,0.0098,0.0420
2017-02-23,2363.8101,0.1490,0.0368,0.1490
2017-02-24,2367.3401,0.1020,0.0202,0.1020
2017-02-27,2369.7500,-0.2580,0.0182,-0.2580
2017-02-28,2363.6399,1.3670,0.0474,1.3670
2017-03-01,2395.9600,-0.5860,-0.0535,0.5860
2017-03-02,2381.9199,0.0500,0.0046,0.0500
2017-03-03,2383.1201,-0.3280,0.0623,-0.3280
2017-03-06,2375.3101,-0.2910,0.0544,-0.2910
2017-03-07,2368.3899,-0.2280,0.0724,-0.2280
2017-03-08,2362.9800,0.0800,0.0654,0.0800
2017-03-09,2364.8701,0.3270,0.0394,0.3270
2017-03-10,2372.6001,0.0370,0.0049,0.0370
2017-03-13,2373.4700,-0.3380,0.0136,-0.3380
2017-03-14,2365.4500,0.8370,0.0569,0.8370
2017-03-15,2385.2600,-0.1630,-0.0102,0.1630
2017-03-16,2381.3799,-0.1310,0.0010,-0.1310
2017-03-17,2378.2500,-0.2010,0.0527,-0.2010
2017-03-20,2373.4700,-1.2410,0.0551,-1.2410
2017-03-21,2344.0200,0.1890,0.1355,0.1890
2017-03-22,2348.4500,-0.1060,0.0851,-0.1060
2017-03-23,2345.9600,-0.0840,0.0300,-0.0840
2017-03-24,2343.9800,-0.1020,0.0456,-0.1020
2017-03-27,2341.5901,0.7250,0.0454,0.7250
2017-03-28,2358.5701,0.1090,-0.0147,-0.1090
2017-03-29,2361.1299,0.2940,-0.0130,-0.2940
2017-03-30,2368.0601,-0.2260,0.0069,-0.2260
2017-03-31,2362.7200,-0.1640,0.0348,-0.1640
2017-04-03,2358.8401,0.0560,0.0579,0.0560
2017-04-04,2360.1599,-0.3050,0.0378,-0.3050
2017-04-05,2352.9500,0.1930,0.0530,0.1930
2017-04-06,2357.4900,-0.0830,0.0355,-0.0830
2017-04-07,2355.5400,0.0690,0.0291,0.0690
2017-04-10,2357.1599,-0.1430,0.0330,-0.1430
2017-04-11,2353.7800,-0.3760,0.0404,-0.3760
2017-04-12,2344.9299,-0.6810,0.0689,-0.6810
2017-04-13,2328.9500,0.8610,0.1034,0.8610
2017-04-17,2349.0100,-0.2900,0.0059,-0.2900
2017-04-18,2342.1899,-0.1720,0.0088,-0.1720
2017-04-19,2338.1699,0.7560,0.0625,0.7560
2017-04-20,2355.8401,-0.3040,-0.0134,0.3040
2017-04-21,2348.6899,1.0840,0.0159,1.0840
2017-04-24,2374.1499,0.6090,-0.0294,-0.6090
2017-04-25,2388.6101,-0.0490,-0.0694,0.0490
2017-04-26,2387.4500,0.0550,0.0061,0.0550
2017-04-27,2388.7700,-0.1910,0.0327,-0.1910
2017-04-28,2384.2000,0.1730,0.0447,0.1730
2017-05-01,2388.3301,0.1190,0.0309,0.1190
2017-05-02,2391.1699,-0.1270,0.0154,-0.1270
2017-05-03,2388.1299,0.0580,0.0368,0.0580
2017-05-04,2389.5200,0.4090,0.0361,0.4090
2017-05-05,2399.2900,0.0040,0.0001,0.0040
2017-05-08,2399.3799,-0.1030,0.0117,-0.1030
2017-05-09,2396.9199,0.1130,0.0413,0.1130
2017-05-10,2399.6299,-0.2160,0.0306,-0.2160
2017-05-11,2394.4399,-0.1480,0.0434,-0.1480
2017-05-12,2390.8999,0.4780,0.0560,0.4780
2017-05-15,2402.3201,-0.0690,0.0059,-0.0690
2017-05-16,2400.6699,-1.8180,0.0132,-1.8180
2017-05-17,2357.0300,0.3690,0.1718,0.3690
2017-05-18,2365.7200,0.6770,0.1027,0.6770
2017-05-19,2381.7300,0.5160,-0.0380,-0.5160
2017-05-22,2394.0200,0.1840,-0.0401,-0.1840
2017-05-23,2398.4199,0.2490,-0.0066,-0.2490
2017-05-24,2404.3899,0.4440,0.0060,0.4440
2017-05-25,2415.0701,0.0310,-0.0123,-0.0310
2017-05-26,2415.8201,-0.1200,0.0080,-0.1200
2017-05-30,2412.9099,-0.0460,0.0413,-0.0460
2017-05-31,2411.8000,0.7570,0.0433,0.7570
2017-06-01,2430.0601,0.3710,-0.0200,-0.3710
2017-06-02,2439.0701,-0.1220,-0.0341,0.1220
2017-06-05,2436.1001,-0.2780,0.0238,-0.2780
2017-06-06,2429.3301,0.1570,0.0609,0.1570
2017-06-07,2433.1399,0.0270,0.0365,0.0270
2017-06-08,2433.7900,-0.0830,0.0230,-0.0830
2017-06-09,2431.7700,-0.0980,0.0384,-0.0980
2017-06-12,2429.3899,0.4510,0.0452,0.4510
2017-06-13,2440.3501,-0.1000,0.0053,-0.1000
2017-06-14,2437.9199,-0.2240,0.0169,-0.2240
2017-06-15,2432.4600,0.0280,0.0558,0.0280
2017-06-16,2433.1499,0.8350,0.0432,0.8350
2017-06-19,2453.4600,-0.6700,-0.0298,0.6700
2017-06-20,2437.0300,-0.0580,0.0392,-0.0580
2017-06-21,2435.6101,-0.0460,0.0741,-0.0460
2017-06-22,2434.5000,0.1560,0.0393,0.1560
2017-06-23,2438.3000,0.0320,0.0244,0.0320
2017-06-26,2439.0701,-0.8070,0.0229,-0.8070
2017-06-27,2419.3799,0.8810,0.0916,0.8810
2017-06-28,2440.6899,-0.8600,0.0116,-0.8600
2017-06-29,2419.7000,0.1530,0.0500,0.1530
2017-06-30,2423.4099,0.2310,0.0687,0.2310
2017-07-03,2429.0100,0.1450,0.0074,0.1450
2017-07-05,2432.5400,-0.9370,0.0107,-0.9370
2017-07-06,2409.7500,0.6400,0.0953,0.6400
2017-07-07,2425.1799,0.0930,0.0363,0.0930
2017-07-10,2427.4299,-0.0780,-0.0082,0.0780
2017-07-11,2425.5300,0.7310,0.0351,0.7310
2017-07-12,2443.2500,0.1870,-0.0161,-0.1870
2017-07-13,2447.8301,0.4670,-0.0191,-0.4670
2017-07-14,2459.2700,-0.0050,-0.0101,0.0050
2017-07-17,2459.1399,0.0600,0.0094,0.0600
2017-07-18,2460.6101,0.5370,0.0299,0.5370
2017-07-19,2473.8301,-0.0150,-0.0093,0.0150
2017-07-20,2473.4500,-0.0370,0.0063,-0.0370
2017-07-21,2472.5400,-0.1060,0.0376,-0.1060
2017-07-24,2469.9099,0.2920,0.0433,0.2920
2017-07-25,2477.1299,0.0280,0.0176,0.0280
2017-07-26,2477.8301,-0.0970,0.0159,-0.0970
2017-07-27,2475.4199,-0.1340,0.0395,-0.1340
2017-07-28,2472.1001,-0.0730,0.0486,-0.0730
2017-07-31,2470.3000,0.2450,0.0459,0.2450
2017-08-01,2476.3501,0.0490,0.0192,0.0490
2017-08-02,2477.5701,-0.2180,0.0169,-0.2180
2017-08-03,2472.1599,0.1890,0.0473,0.1890
2017-08-04,2476.8301,0.1650,0.0312,0.1650
2017-08-07,2480.9099,-0.2410,0.0111,-0.2410
2017-08-08,2474.9199,-0.0360,0.0429,-0.0360
2017-08-09,2474.0200,-1.4470,0.0492,-1.4470
2017-08-10,2438.2100,0.1280,0.1420,0.1280
2017-08-11,2441.3201,1.0040,0.1007,1.0040
2017-08-14,2465.8401,-0.0500,-0.0490,0.0500
2017-08-15,2464.6101,0.1420,-0.0157,-0.1420
2017-08-16,2468.1101,-1.5440,0.0268,-1.5440
2017-08-17,2430.0100,-0.1840,0.1400,-0.1840
2017-08-18,2425.5500,0.1160,0.1287,0.1160
2017-08-21,2428.3701,0.9940,0.0330,0.9940
2017-08-22,2452.5100,-0.3450,-0.0463,0.3450
2017-08-23,2444.0400,-0.2070,0.0068,-0.2070
2017-08-24,2438.9700,0.1670,0.0681,0.1670
2017-08-25,2443.0500,0.0490,0.0318,0.0490
2017-08-28,2444.2400,0.0840,0.0209,0.0840
2017-08-29,2446.3000,0.4620,0.0249,0.4620
2017-08-30,2457.5901,0.5720,-0.0050,-0.5720
2017-08-31,2471.6499,0.1980,-0.0331,-0.1980
2017-09-01,2476.5500,-0.7550,-0.0109,0.7550
2017-09-05,2457.8501,0.3130,0.0795,0.3130
2017-09-06,2465.5400,-0.0180,0.0507,-0.0180
2017-09-07,2465.1001,-0.1490,0.0175,-0.1490
2017-09-08,2461.4299,1.0840,0.0458,1.0840
2017-09-11,2488.1101,0.3360,-0.0385,-0.3360
2017-09-12,2496.4800,0.0760,-0.0490,-0.0760
2017-09-13,2498.3701,-0.1100,0.0113,-0.1100
2017-09-14,2495.6201,0.1850,0.0380,0.1850
2017-09-15,2500.2300,0.1460,0.0258,0.1460
2017-09-18,2503.8701,0.1110,0.0129,0.1110
2017-09-19,2506.6499,0.0630,0.0178,0.0630
2017-09-20,2508.2400,-0.3050,0.0231,-0.3050
2017-09-21,2500.6001,0.0650,0.0528,0.0650
2017-09-22,2502.2200,-0.2220,0.0449,-0.2220
2017-09-25,2496.6599,0.0070,0.0462,0.0070
2017-09-26,2496.8401,0.4090,0.0448,0.4090
2017-09-27,2507.0400,0.1200,0.0028,0.1200
2017-09-28,2510.0601,0.3710,0.0030,0.3710
2017-09-29,2519.3601,0.3870,0.0002,0.3870
2017-10-02,2529.1201,0.2160,-0.0146,-0.2160
2017-10-03,2534.5801,0.1250,-0.0025,-0.1250
2017-10-04,2537.7400,0.5650,0.0133,0.5650
2017-10-05,2552.0701,-0.1070,-0.0145,0.1070
2017-10-06,2549.3301,-0.1800,0.0118,-0.1800
2017-10-09,2544.7300,0.2320,0.0531,0.2320
2017-10-10,2550.6399,0.1800,0.0258,0.1800
2017-10-11,2555.2400,-0.1690,0.0077,-0.1690
2017-10-12,2550.9299,0.0880,0.0367,0.0880
2017-10-13,2553.1699,0.1750,0.0362,0.1750
2017-10-16,2557.6399,0.0670,0.0158,0.0670
2017-10-17,2559.3601,0.0740,0.0194,0.0740
2017-10-18,2561.2600,0.0330,0.0247,0.0330
2017-10-19,2562.1001,0.5120,0.0273,0.5120
2017-10-20,2575.2100,-0.3970,-0.0059,0.3970
2017-10-23,2564.9800,0.1620,0.0359,0.1620
2017-10-24,2569.1299,-0.4660,0.0432,-0.4660
2017-10-25,2557.1499,0.1270,0.0590,0.1270
2017-10-26,2560.3999,0.8070,0.0490,0.8070
2017-10-27,2581.0701,-0.3190,-0.0333,0.3190
2017-10-30,2572.8301,0.0940,0.0147,0.0940
2017-10-31,2575.2600,0.1590,0.0443,0.1590
2017-11-01,2579.3601,0.0190,0.0164,0.0190
2017-11-02,2579.8501,0.3100,0.0238,0.3100
2017-11-03,2587.8401,0.1270,0.0098,0.1270
2017-11-06,2591.1299,-0.0190,0.0078,-0.0190
2017-11-07,2590.6399,0.1440,0.0285,0.1440
2017-11-08,2594.3799,-0.3760,0.0240,-0.3760
2017-11-09,2584.6201,-0.0900,0.0537,-0.0900
2017-11-10,2582.3000,0.0980,0.0602,0.0980
2017-11-13,2584.8401,-0.2310,0.0306,-0.2310
2017-11-14,2578.8701,-0.5530,0.0453,-0.5530
2017-11-15,2564.6201,0.8200,0.0866,0.8200
2017-11-16,2585.6399,-0.2630,0.0022,-0.2630
2017-11-17,2578.8501,0.1280,0.0091,0.1280
2017-11-20,2582.1399,0.6540,0.0389,0.6540
2017-11-21,2599.0300,-0.0750,-0.0218,0.0750
2017-11-22,2597.0801,0.2060,0.0046,0.2060
2017-11-24,2602.4199,-0.0380,0.0230,-0.0380
2017-11-27,2601.4199,0.9850,0.0254,0.9850
2017-11-28,2627.0400,-0.0370,-0.0369,0.0370
2017-11-29,2626.0701,0.8190,-0.0158,-0.8190
2017-11-30,2647.5801,-0.2020,-0.0239,0.2020
2017-12-01,2642.2200,-0.1050,0.0052,-0.1050
2017-12-04,2639.4399,-0.3740,0.0529,-0.3740
2017-12-05,2629.5701,-0.0110,0.0665,-0.0110
2017-12-06,2629.2700,0.2930,0.0540,0.2930
2017-12-07,2636.9800,0.5510,0.0121,0.5510
2017-12-08,2651.5000,0.3200,-0.0227,-0.3200
2017-12-11,2659.9900,0.1550,-0.0190,-0.1550
2017-12-12,2664.1101,-0.0470,0.0057,-0.0470
2017-12-13,2662.8501,-0.4070,0.0292,-0.4070
2017-12-14,2652.0100,0.8970,0.0662,0.8970
2017-12-15,2675.8101,0.5360,-0.0110,-0.5360
2017-12-18,2690.1599,-0.3230,-0.0542,0.3230
2017-12-19,2681.4700,-0.0830,0.0301,-0.0830
2017-12-20,2679.2500,0.1990,0.0573,0.1990
2017-12-21,2684.5701,-0.0460,0.0229,-0.0460
2017-12-22,2683.3401,-0.1060,0.0263,-0.1060
2017-12-26,2680.5000,0.0790,0.0440,0.0790
2017-12-27,2682.6201,0.1830,0.0332,0.1830
2017-12-28,2687.5400,-0.5180,0.0157,-0.5180
2017-12-29,2673.6101,0.8300,0.0622,0.8300
